,Unnamed: 0,Unnamed: 0.1,ObservationID,Date,ObservationTimeApproximate,Troop,Observer,ObservationType,UTMNorthing,UTMEasting,LocationApproximate,LocationDescription,Notes,ST,SM,SF,SU,SA,SAM,SAF,SAFP,SAFL,SAFEN,SAU,SS,SSM,SSF,SSU,SJ,SJM,SJF,SJU,IT,IM,IF,IU,IA,IAM,IAF,IAFP,IAFL,IAFEN,IAU,IS,ISM,ISF,ISU,IJ,IJM,IJF,IJU,T,A,S,J,TimeSinceLast,TDiff,ObsYear,ObsMonth
0,0,1,cgl0805061010,2008-05-06 10:10:00,0.0,CGL,Mpho Ramotadima,Foraging,8026213.0,296182.0,0.0,,,33.0,,,,26.0,,,,,,,7.0,,,,0.0,,,,1.0,,,,,,,,,,,,,,,,,,,34.0,26.0,7.0,,,,2008,5
21,21,60,cgl0805211345,2008-05-21 13:45:00,0.0,CGL,Mpho Ramotadima,Foraging,8026268.0,296165.0,0.0,lodge canteen,,44.0,,,,,,,,,,,,,,,,,,,1.0,,,,,,,,,,,,,,,,,,,45.0,,,,15 days 00:00:00.000000000,11.0,2008,5
25,25,71,cgl0805260805,2008-05-26 08:05:00,0.0,CGL,Mpho Ramotadima,Foraging,8026209.0,296172.0,0.0,,,29.0,,,,,,,,,,,,,,,,,,,1.0,,,,,,,,,,,,,,,,,,,30.0,,,,5 days 00:00:00.000000000,-15.0,2008,5
40,40,119,cgl0805300945,2008-05-30 09:45:00,0.0,CGL,Pete Laver,Foraging,8026285.0,296102.0,0.0,foraging around kitchen,,26.0,,,,12.0,,,,,,,13.0,,,,1.0,,,,,,,,,,,,,,,,,,,,,,,26.0,12.0,13.0,1.0,4 days 00:00:00.000000000,-4.0,2008,5
41,41,120,cgl0805301005,2008-05-30 10:05:00,0.0,CGL,Pete Laver,Foraging,8026427.0,296082.0,0.0,boats,I think these 30 are in addition to the 26 seen at 0945 (troop is split).,30.0,,,,,,,,,,,,,,,,,,,,,,,,,,,,,,,,,,,,,,30.0,,,,0 days 00:00:00.000000000,4.0,2008,5
49,49,146,cgl0806021315,2008-06-02 13:15:00,0.0,CGL,Pete Laver,Resting,8026407.0,296073.0,0.0,around boat house,half troop foraging and half resting.,32.0,,,,,,,,,,,,,,,2.0,,,,,,,,,,,,,,,,,,,,,,,32.0,,,2.0,3 days 00:00:00.000000000,2.0,2008,6
53,53,161,cgl0806040715,2008-06-04 07:15:00,0.0,CGL,Pete Laver,Denning,8026213.0,296139.0,0.0,pile of tiles behind staff canteen,half sub-adults and half adults ... ?,56.0,,,,25.0,,,,,,,25.0,,,,6.0,,,,,,,,,,,,,,,,,,,,,,,56.0,25.0,25.0,6.0,2 days 00:00:00.000000000,24.0,2008,6
54,54,163,cgl0806040858,2008-06-04 08:58:00,0.0,CGL,Pete Laver,Moving,8026004.0,296142.0,0.0,crossing road towards lodge - running,,53.0,,,,,,,,,,,,,,,,,,,,,,,,,,,,,,,,,,,,,,53.0,,,,0 days 00:00:00.000000000,-3.0,2008,6
64,64,180,cgl0806051515,2008-06-05 15:15:00,0.0,CGL,Pete Laver,Foraging,8026177.0,296115.0,0.0,,,46.0,,,,,,,,,,,,,,,,,,,,,,,,,,,,,,,,,,,,,,46.0,,,,1 days 00:00:00.000000000,-7.0,2008,6
73,73,197,cgl0806070743,2008-06-07 07:43:00,0.0,CGL,Pete Laver,Denning,8026214.0,296141.0,0.0,suspected den under tiles,,56.0,,,,,,,,,,,,,,,,,,,,,,,,,,,,,,,,,,,,,,56.0,,,,2 days 00:00:00.000000000,10.0,2008,6
80,80,214,cgl0806091016,2008-06-09 10:16:00,0.0,CGL,Mpho Ramotadima,Foraging,8026168.0,296061.0,0.0,,,43.0,,,,33.0,,,,,,,10.0,,,,0.0,,,,,,,,,,,,,,,,,,,,,,,43.0,33.0,10.0,,2 days 00:00:00.000000000,-13.0,2008,6
84,84,229,cgl0806101002,2008-06-10 10:02:00,0.0,CGL,Mpho Ramotadima,Foraging,8026217.0,295990.0,0.0,,,49.0,,,,43.0,,,,,,,6.0,,,,0.0,,,,,,,,,,,,,,,,,,,,,,,49.0,43.0,6.0,,1 days 00:00:00.000000000,6.0,2008,6
102,102,257,cgl0806111330,2008-06-11 13:30:00,0.0,CGL,Pete Laver,Foraging,8026157.0,296120.0,0.0,,,26.0,,,,,,,,,,,,,,,,,,,,,,,,,,,,,,,,,,,,,,26.0,,,,1 days 00:00:00.000000000,-23.0,2008,6
114,114,286,cgl0806141606,2008-06-14 16:06:00,0.0,CGL,Pete Laver,Foraging,8026003.0,296313.0,0.0,,,55.0,,,,,,,,,,,,,,,,,,,,,,,,,,,,,,,,,,,,,,55.0,,,,3 days 00:00:00.000000000,29.0,2008,6
115,115,290,cgl0806161047,2008-06-16 10:47:00,0.0,CGL,Mpho Ramotadima,Foraging,8026179.0,296120.0,0.0,,,51.0,,,,,,,,,,,,,,,,,,,2.0,,,,,,,,,,,,,,,,,,,53.0,,,,2 days 00:00:00.000000000,-2.0,2008,6
132,132,341,cgl0806201612,2008-06-20 16:12:00,0.0,CGL,Mpho Ramotadima,Foraging,8026173.0,296114.0,0.0,,,48.0,,,,39.0,,,,,,,9.0,,,,0.0,,,,1.0,,,,,,,,,,,,,,,,,,,49.0,39.0,9.0,,4 days 00:00:00.000000000,-4.0,2008,6
141,141,351,cgl0806231710,2008-06-23 17:10:00,0.0,CGL,Mpho Ramotadima,Foraging,8026169.0,296110.0,0.0,,,45.0,,,,35.0,,,,,,,10.0,,,,0.0,,,,1.0,,,,,,,,,,,,,,,,,,,46.0,35.0,10.0,,3 days 00:00:00.000000000,-3.0,2008,6
148,148,367,cgl0806241610,2008-06-24 16:10:00,0.0,CGL,Mpho Ramotadima,Foraging,8026178.0,296121.0,0.0,,,38.0,,,,,,,,,,,8.0,,,,,,,,1.0,,,,,,,,,,,,,,,,,,,39.0,,8.0,,1 days 00:00:00.000000000,-7.0,2008,6
160,160,395,cgl0806261714,2008-06-26 17:14:00,0.0,CGL,Mpho Ramotadima,Resting,8026190.0,296071.0,0.0,,,26.0,,,,,,,,,,,,,,,,,,,,,,,,,,,,,,,,,,,,,,26.0,,,,2 days 00:00:00.000000000,-13.0,2008,6
162,162,405,cgl0806270833,2008-06-27 08:33:00,0.0,CGL,Mpho Ramotadima,Foraging,8026273.0,295966.0,0.0,,,32.0,,,,,,,,,,,,,,,,,,,2.0,,,,,,,,,,,,,,,,,,,34.0,,,,1 days 00:00:00.000000000,8.0,2008,6
170,170,425,cgl0806301330,2008-06-30 13:30:00,0.0,CGL,Mpho Ramotadima,Foraging,8026171.0,296104.0,0.0,,,42.0,,,,,,,,,,,8.0,,,,,,,,1.0,,,,,,,,,,,,,,,,,,,43.0,,8.0,,3 days 00:00:00.000000000,9.0,2008,6
183,183,446,cgl0807021107,2008-07-02 11:07:00,0.0,CGL,Mpho Ramotadima,Foraging,8026255.0,296565.0,0.0,,,36.0,,,,,,,,,,,7.0,,,,,,,,,,,,,,,,,,,,,,,,,,,36.0,,7.0,,2 days 00:00:00.000000000,-7.0,2008,7
201,201,480,cgl0807061400,2008-07-06 14:00:00,0.0,CGL,Kathy Alexander,Foraging,8026159.0,296075.0,0.0,behind staff accommodation,,48.0,3.0,,,46.0,,,,,,,2.0,,,,0.0,,,,3.0,3.0,,,3.0,,,,,,,,,,,,,,,51.0,49.0,2.0,,4 days 00:00:00.000000000,15.0,2008,7
205,205,488,cgl0807071325,2008-07-07 13:25:00,0.0,CGL,Pete Laver,Foraging,8026154.0,296134.0,0.0,trash site,,32.0,,,,,,,,,,,,,,,,,,,,,,,,,,,,,,,,,,,,,,32.0,,,,1 days 00:00:00.000000000,-19.0,2008,7
218,218,518,cgl0807090900,2008-07-09 09:00:00,0.0,CGL,Pete Laver,Foraging,8026158.0,296108.0,0.0,,,10.0,,,,,,,,,,,,,,,,,,,,,,,,,,,,,,,,,,,,,,10.0,,,,2 days 00:00:00.000000000,-22.0,2008,7
222,222,534,cgl0807101545,2008-07-10 15:45:00,0.0,CGL,Mpho Ramotadima,Foraging,8026167.0,296084.0,0.0,,2 mongooses agressively chase a slender mongoose up a tree.,36.0,,,,27.0,,,,,,,9.0,,,,0.0,,,,1.0,,,,1.0,,,,,,,,,,,,,,,37.0,28.0,9.0,,1 days 00:00:00.000000000,27.0,2008,7
236,236,631,cgl0807230755,2008-07-23 07:55:00,0.0,CGL,Pete Laver,Denning,8026330.0,296198.0,0.0,scrap heap,,51.0,,,,,,,,,,,,,,,,,,,,,,,,,,,,,,,,,,,,,,51.0,,,,13 days 00:00:00.000000000,14.0,2008,7
324,324,942,cgl0808291630,2008-08-29 16:30:00,0.0,CGL,Pete Laver,Foraging,8026247.0,296114.0,0.0,at kitchen,,5.0,,,,,,,,,,,,,,,,,,,,,,,,,,,,,,,,,,,,,,5.0,,,,37 days 00:00:00.000000000,-46.0,2008,8
359,359,1052,cgl0809110836,2008-09-11 08:36:00,0.0,CGL,Pete Laver,Foraging,8026419.0,296166.0,0.0,below viewing deck,dark brown (possibly black) with one yellow stripe.,18.0,,,,,,,,,,,,,,,,,,,,,,,,,,,,,,,,,,,,,,18.0,,,,13 days 00:00:00.000000000,13.0,2008,9
466,466,1383,cgl0810270620,2008-10-27 06:20:00,0.0,CGL,Pete Laver,Foraging,8026256.0,296116.0,0.0,,,6.0,,,,,,,,,,,,,,,,,,,,,,,,,,,,,,,,,,,,,,6.0,,,,46 days 00:00:00.000000000,-12.0,2008,10
467,467,1384,cgl0810270630,2008-10-27 06:30:00,0.0,CGL,Pete Laver,Sunning,8026253.0,296084.0,0.0,,,25.0,,,,,,,,,,,,,,,,,,,,,,,,,,,,,,,,,,,,,,25.0,,,,0 days 00:00:00.000000000,19.0,2008,10
477,477,1404,cgl0810301705,2008-10-30 17:05:00,0.0,CGL,Pete Laver,Foraging,8026350.0,296127.0,0.0,,,15.0,,,,,,,,,,,,,,,,,,,,,,,,,,,,,,,,,,,,,,15.0,,,,3 days 00:00:00.000000000,-10.0,2008,10
512,512,1482,cgl0811190810,2008-11-19 08:10:00,0.0,CGL,Pete Laver,Foraging,8026160.0,296535.0,0.0,,,12.0,,,,12.0,,,,,,,-13.0,,,,13.0,,,,,,,,,,,,,,,,,,,,,,,12.0,12.0,0.0,0.0,20 days 00:00:00.000000000,-3.0,2008,11
558,558,1595,cgl0811261527,2008-11-26 15:27:00,0.0,CGL,Pete Laver,Foraging,8026279.0,296047.0,0.0,,putative den - under mechanic's building on north side,8.0,,,,8.0,,,,,,,,,,,,,,,,,,,,,,,,,,,,,,,,,,8.0,8.0,,,7 days 00:00:00.000000000,-4.0,2008,11
569,569,1622,cgl0811281238,2008-11-28 12:38:00,0.0,CGL,Pete Laver,Foraging,8026232.0,295987.0,0.0,,interesting vocalisation - high pitched whine at another adult (1 adult at subadult - copious scent marking),34.0,,,,26.0,,,,,,,0.0,,,,8.0,,,,,,,,,,,,,,,,,,,,,,,34.0,26.0,,8.0,2 days 00:00:00.000000000,26.0,2008,11
610,610,1738,cgl0812191321,2008-12-19 13:21:00,0.0,CGL,Pete Laver,Resting,8026401.0,296484.0,0.0,,,20.0,,,,,,,,,,,,,,,,,,,,,,,,,,,,,,,,,,,,,,20.0,,,,21 days 00:00:00.000000000,-14.0,2008,12
621,621,1766,cgl0812291310,2008-12-29 13:10:00,0.0,CGL,Pete Laver,Foraging,8026416.0,296064.0,0.0,,,38.0,,,,30.0,,,5.0,,,,0.0,,,,8.0,,,,,,,,,,,,,,,,,,,,,,,38.0,30.0,,8.0,10 days 00:00:00.000000000,18.0,2008,12
634,634,1794,cgl0901061001,2009-01-06 10:01:00,0.0,CGL,Pete Laver,Resting,8026179.0,296132.0,0.0,,,11.0,,,,,,,,,,,,,,,,,,,,,,,,,,,,,,,,,,,,,,11.0,,,,8 days 00:00:00.000000000,-27.0,2009,1
640,640,1809,cgl0901091708,2009-01-09 17:08:00,0.0,CGL,Pete Laver,Foraging,8026230.0,296126.0,0.0,small group at kitchen,group is split in two at this stage,4.0,,,,,,,,,,,,,,,,,,,,,,,,,,,,,,,,,,,,,,4.0,,,,3 days 00:00:00.000000000,-7.0,2009,1
649,649,1845,cgl0901140940,2009-01-14 09:40:00,0.0,CGL,Pete Laver,Foraging,8026184.0,296130.0,0.0,,,19.0,,,,13.0,,,1.0,,,,6.0,,,,0.0,,,,,,,,,,,,,,,,,,,,,,,19.0,13.0,6.0,,5 days 00:00:00.000000000,15.0,2009,1
653,653,1861,cgl0901150725,2009-01-15 07:25:00,0.0,CGL,Pete Laver,Sunning,8026223.0,296117.0,0.0,,,10.0,,,,10.0,,,,,,,,,,,,,,,,,,,,,,,,,,,,,,,,,,10.0,10.0,,,1 days 00:00:00.000000000,-9.0,2009,1
654,654,1862,cgl0901150726,2009-01-15 07:26:00,0.0,CGL,Pete Laver,Foraging,8026178.0,296086.0,0.0,,The troop is split into at least two groups at this point in time (other group at 0725).,11.0,,,,10.0,,,,,,,1.0,,,,0.0,,,,,,,,,,,,,,,,,,,,,,,11.0,10.0,1.0,,0 days 00:00:00.000000000,1.0,2009,1
657,657,1871,cgl0901170705,2009-01-17 07:05:00,0.0,CGL,Pete Laver,Sunning,8026252.0,296274.0,0.0,,,30.0,,,,23.0,,,,,,,7.0,,,,0.0,,,,,,,,,,,,,,,,,,,,,,,30.0,23.0,7.0,,2 days 00:00:00.000000000,19.0,2009,1
667,667,1894,cgl0901220850,2009-01-22 08:50:00,0.0,CGL,Pete Laver,Foraging,8026184.0,296372.0,0.0,E of southeasternmost manager's house,,16.0,,,,12.0,,,,,,,4.0,,,,0.0,,,,,,,,,,,,,,,,,,,,,,,16.0,12.0,4.0,,5 days 00:00:00.000000000,-14.0,2009,1
678,678,1916,cgl0901271705,2009-01-27 17:05:00,0.0,CGL,Pete Laver,Foraging,8026239.0,296135.0,0.0,,at the same time; some of the troop were raiding the trash site.,39.0,,,,22.0,,,,,,,4.0,,,,13.0,,,,,,,,,,,,,,,,,,,,,,,39.0,22.0,4.0,13.0,5 days 00:00:00.000000000,23.0,2009,1
680,680,1933,cgl0901290605,2009-01-29 06:05:00,0.0,CGL,Pete Laver,Denning,8026184.0,296134.0,0.0,railway sleepers next to water tanks,,35.0,,,,,,,,,,,,,,,,,,,,,,,,,,,,,,,,,,,,,,35.0,,,,2 days 00:00:00.000000000,-4.0,2009,1
696,696,1956,cgl0902031713,2009-02-03 17:13:00,0.0,CGL,Pete Laver,Foraging,8026171.0,296119.0,0.0,,,18.0,,,,6.0,,,,,,,2.0,,,,10.0,,,,,,,,,,,,,,,,,,,,,,,18.0,6.0,2.0,10.0,5 days 00:00:00.000000000,-17.0,2009,2
700,700,1973,cgl0902050801,2009-02-05 08:01:00,0.0,CGL,Pete Laver,Moving,8026170.0,296185.0,0.0,,,15.0,,,,13.0,,,,,,,1.0,,,,1.0,,,,,,,,,,,,,,,,,,,,,,,15.0,13.0,1.0,1.0,2 days 00:00:00.000000000,-3.0,2009,2
717,717,1994,cgl0902171205,2009-02-17 12:05:00,0.0,CGL,Pete Laver,Foraging,8026220.0,296025.0,0.0,,,19.0,,,,15.0,,,,,,,0.0,,,,4.0,,,,,,,,,,,,,,,,,,,,,,,19.0,15.0,,4.0,12 days 00:00:00.000000000,4.0,2009,2
775,775,2065,cgl0903151650,2009-03-15 16:50:00,0.0,CGL,Pete Laver,Foraging,8026099.0,295763.0,0.0,,,11.0,,,,,,,,,,,,,,,,,,,,,,,,,,,,,,,,,,,,,,11.0,,,,26 days 00:00:00.000000000,-8.0,2009,3
811,811,2108,cgl0903200825,2009-03-20 08:25:00,0.0,CGL,Pete Laver,Foraging,8026095.0,296550.0,0.0,,,29.0,,,,,,,,,,,,,,,,,,,,,,,,,,,,,,,,,,,,,,29.0,,,,5 days 00:00:00.000000000,18.0,2009,3
819,819,2118,cgl0903201523,2009-03-20 15:23:00,0.0,CGL,Pete Laver,Moving,8026099.0,295763.0,0.0,,,9.0,,,,,,,,,,,,,,,,,,,,,,,,,,,,,,,,,,,,,,9.0,,,,0 days 00:00:00.000000000,-20.0,2009,3
828,828,2127,cgl0903230705,2009-03-23 07:05:00,0.0,CGL,Pete Laver,Sunning,8026215.0,296083.0,0.0,workshop,,44.0,,,,,,,,,,,,,,,,,,,,,,,,,,,,,,,,,,,,,,44.0,,,,3 days 00:00:00.000000000,35.0,2009,3
840,840,2147,cgl0903241050,2009-03-24 10:50:00,0.0,CGL,Pete Laver,Foraging,8026262.0,296317.0,0.0,,,5.0,,,,,,,,,,,,,,,,,,,,,,,,,,,,,,,,,,,,,,5.0,,,,1 days 00:00:00.000000000,-39.0,2009,3
917,917,2383,cgl0904301245,2009-04-30 12:45:00,0.0,CGL,Pete Laver,Foraging,8026406.0,296074.0,0.0,near boats,,60.0,6.0,14.0,23.0,43.0,6.0,14.0,,,,23.0,8.0,,,,9.0,,,,,,,,,,,,,,,,,,,,,,,60.0,43.0,8.0,9.0,37 days 00:00:00.000000000,55.0,2009,4
993,993,2553,cgl0905291230,2009-05-29 12:30:00,0.0,CGL,Pete Laver,Forage/Rest,8026168.0,296108.0,0.0,staff accommodation,,43.0,,,,,,,,,,,,,,,,,,,,,,,,,,,,,,,,,,,,,,43.0,,,,29 days 00:00:00.000000000,-17.0,2009,5
997,997,2561,cgl0905301055,2009-05-30 10:55:00,0.0,CGL,Pete Laver,Resting,8026401.0,296129.0,0.0,,RC not with this part of the troop.,15.0,,,,,,,,,,,,,,,,,,,,,,,,,,,,,,,,,,,,,,15.0,,,,1 days 00:00:00.000000000,-28.0,2009,5
998,998,2568,cgl0906011050,2009-06-01 10:50:00,0.0,CGL,Pete Laver,Resting,8026173.0,296126.0,0.0,,saw 18 animals here incl RC.  At the same time; at the kitchen; 2 ad; 1 was a coloured collar.,20.0,,,,,,,,,,,,,,,,,,,,,,,,,,,,,,,,,,,,,,20.0,,,,2 days 00:00:00.000000000,5.0,2009,6
1017,1017,2722,cgl0906171250,2009-06-17 12:50:00,0.0,CGL,Pete Laver,Resting,8026168.0,296060.0,0.0,western french drain,,16.0,,,,,,,,,,,,,,,,,,,,,,,,,,,,,,,,,,,,,,16.0,,,,16 days 00:00:00.000000000,-4.0,2009,6
1018,1018,2888,cgl0906201045,2009-06-20 10:45:00,0.0,CGL,Pete Laver,Moving,8026352.0,296071.0,0.0,,ran down towards pumphouse / boats.,23.0,,,,,,,,,,,,,,,,,,,,,,,,,,,,,,,,,,,,,,23.0,,,,3 days 00:00:00.000000000,7.0,2009,6
1037,1037,4213,cgl0907071110,2009-07-07 11:10:00,0.0,CGL,Pete Laver,Foraging,8026175.0,295684.0,0.0,,no signal (collar may be in split or is missing),15.0,,,,,,,,,,,,,,,,,,,,,,,,,,,,,,,,,,,,,,15.0,,,,17 days 00:00:00.000000000,-8.0,2009,7
1048,1048,4713,cgl0907141640,2009-07-14 16:40:00,0.0,CGL,Pete Laver,Foraging,8026317.0,296127.0,0.0,at fountain pond,,34.0,,,,,,,,,,,,,,,,,,,,,,,,,,,,,,,,,,,,,,34.0,,,,7 days 00:00:00.000000000,19.0,2009,7
1055,1055,5564,cgl0907280730,2009-07-28 07:30:00,0.0,CGL,Pete Laver,Forage/Rest,8026424.0,296182.0,0.0,below viewing deck,foraging and sunning,67.0,,,,,,,,,,,,,,,,,,,,,,,,,,,,,,,,,,,,,,67.0,,,,14 days 00:00:00.000000000,33.0,2009,7
1059,1059,5687,cgl0907290749,2009-07-29 07:49:00,0.0,CGL,Pete Laver,Denning,8026409.0,296142.0,0.0,cement path towards boma,,69.0,,,,,,,,,,,,,,,,,,,,,,,,,,,,,,,,,,,,,,69.0,,,,1 days 00:00:00.000000000,2.0,2009,7
1064,1064,5967,cgl0908131543,2009-08-13 15:43:00,0.0,CGL,Pete Laver,Foraging,8026191.0,296134.0,0.0,,,12.0,,,,,,,,,,,,,,,,,,,,,,,,,,,,,,,,,,,,,,12.0,,,,15 days 00:00:00.000000000,-57.0,2009,8
1065,1065,5968,cgl0908131610,2009-08-13 16:10:00,0.0,CGL,Pete Laver,Foraging,8026160.0,296137.0,0.0,,,59.0,,,,,,,,,,,,,,,,,,,,,,,,,,,,,,,,,,,,,,59.0,,,,0 days 00:00:00.000000000,47.0,2009,8
1067,1067,6003,cgl0908181110,2009-08-18 11:10:00,0.0,CGL,Pete Laver,Moving,8026238.0,296057.0,0.0,,NB - no signal at lodge 10-11am; possible signal south of lodge across park road.,26.0,,,,,,,,,,,,,,,,,,,,,,,,,,,,,,,,,,,,,,26.0,,,,5 days 00:00:00.000000000,-33.0,2009,8
1068,1068,6005,cgl0908181140,2009-08-18 11:40:00,0.0,CGL,Pete Laver,Forage/Rest,8026419.0,296165.0,0.0,,,17.0,,,,,,,,,,,,,,,,,,,,,,,,,,,,,,,,,,,,,,17.0,,,,0 days 00:00:00.000000000,-9.0,2009,8
1086,1086,7054,cgl0909041140,2009-09-04 11:40:00,0.0,CGL,Pete Laver,Moving,8026007.0,296044.0,0.0,road south of CGL from southerly direction,group spread is 3 min,40.0,,,,,,,,,,,,,,,,,,,,,,,,,,,,,,,,,,,,,,40.0,,,,17 days 00:00:00.000000000,23.0,2009,9
1092,1092,7280,cgl0909111552,2009-09-11 15:52:00,0.0,CGL,Pete Laver,Foraging,8026173.0,296122.0,0.0,,,20.0,,,,,,,,,,,,,,,,,,,,,,,,,,,,,,,,,,,,,,20.0,,,,7 days 00:00:00.000000000,-20.0,2009,9
1101,1101,7351,cgl0909151200,2009-09-15 12:00:00,0.0,CGL,Pete Laver,Forage/Rest,8026181.0,296083.0,0.0,,VHF collar no longer working,48.0,,,,,,,,,,,,,,,,,,,,,,,,,,,,,,,,,,,,,,48.0,,,,4 days 00:00:00.000000000,28.0,2009,9
1127,1127,7582,cgl0909241630,2009-09-24 16:30:00,0.0,CGL,Pete Laver,Foraging,8026264.0,296109.0,0.0,,,6.0,,,,,,,,,,,,,,,,,,,,,,,,,,,,,,,,,,,,,,6.0,,,,9 days 00:00:00.000000000,-42.0,2009,9
1128,1128,7583,cgl0909241657,2009-09-24 16:57:00,0.0,CGL,Pete Laver,Foraging,8026155.0,296133.0,0.0,trash site,,62.0,,,,,,,,,,,,,,,,,,,,,,,,,,,,,,,,,,,,,,62.0,,,,0 days 00:00:00.000000000,56.0,2009,9
1149,1149,7820,cgl0910131705,2009-10-13 17:05:00,0.0,CGL,Pete Laver,Foraging,8026154.0,296135.0,0.0,trash site?,,4.0,,,,,,,,,,,,,,,,,,,,,,,,,,,,,,,,,,,,,,4.0,,,,19 days 00:00:00.000000000,-58.0,2009,10
1150,1150,7823,cgl0910131725,2009-10-13 17:25:00,0.0,CGL,Pete Laver,Foraging,8026154.0,296135.0,0.0,trash site,more arrived at the trash site,9.0,,,,,,,,,,,,,,,,,,,,,,,,,,,,,,,,,,,,,,9.0,,,,0 days 00:00:00.000000000,5.0,2009,10
1151,1151,7828,cgl0910131743,2009-10-13 17:43:00,0.0,CGL,Pete Laver,Foraging,8026154.0,296135.0,0.0,trash site,,46.0,,,,,,,2.0,,,,,,,,,,,,,,,,,,,,,,,,,,,,,,,46.0,,,,0 days 00:00:00.000000000,37.0,2009,10
1152,1152,7832,cgl0910140555,2009-10-14 05:55:00,0.0,CGL,Pete Laver,Denning,8026189.0,296119.0,0.0,scrap between wood shop and guides' quarters.,+17 feces (possibly from last night),61.0,,,,,,,,,,,,,,,,,,,1.0,,,,,,,,,,,,,,,,,,,62.0,,,,1 days 00:00:00.000000000,16.0,2009,10
1154,1154,7918,cgl0910201717,2009-10-20 17:17:00,0.0,CGL,Pete Laver,Foraging,8026167.0,296131.0,0.0,trash site,,11.0,,,,,,,2.0,,,,,,,,,,,,,,,,,,,,,,,,,,,,,,,11.0,,,,6 days 00:00:00.000000000,-51.0,2009,10
1199,1199,8580,cgl0911190603,2009-11-19 06:03:00,0.0,CGL,Pete Laver,Foraging,8026220.0,296087.0,0.0,,,44.0,,,,,,,,,,,,,,,,,,,,,,,,,,,,,,,,,,,,,,44.0,,,,30 days 00:00:00.000000000,33.0,2009,11
1200,1200,8606,cgl0911190737,2009-11-19 07:37:00,0.0,CGL,Pete Laver,Foraging,8026265.0,296576.0,0.0,,could be group 3 CGL/another troop?  6 feces found - could be mixed with  another troop. Appeared to be in a slight frenzy; reminiscent of inter-troop encounter.  Possibly scent-marked a log heavily.  Arrived from S of CGL entry road; heading to river.,17.0,,,,,,,,,,,,,,,,,,,,,,,,,,,,,,,,,,,,,,17.0,,,,0 days 00:00:00.000000000,-27.0,2009,11
1203,1203,8623,cgl0911210610,2009-11-21 06:10:00,0.0,CGL,Pete Laver,Foraging,8026404.0,296124.0,0.0,,feces to Kathy for culture.  Adults scent marking pups.  Pups less than 1 week old;  can hardly walk.,23.0,,,,21.0,,,,,,,0.0,,,,2.0,,,,,,,,,,,,,,,,,,,,,,,23.0,21.0,,2.0,2 days 00:00:00.000000000,6.0,2009,11
1208,1208,8643,cgl0911230624,2009-11-23 06:24:00,0.0,CGL,Pete Laver,Moving,8026443.0,296098.0,0.0,emerging from pipe at river below boma,signal coming from elsewhere at this time,4.0,,,,,,,,,,,,,,,,,,,,,,,,,,,,,,,,,,,,,,4.0,,,,2 days 00:00:00.000000000,-19.0,2009,11
1209,1209,8649,cgl0911230725,2009-11-23 07:25:00,0.0,CGL,Pete Laver,Moving,8026357.0,296088.0,0.0,emerging from drain pipe / stormwater drain,still more animals in pipe.,43.0,,,,,,,,,,,,,,,,,,,,,,,,,,,,,,,,,,,,,,43.0,,,,0 days 00:00:00.000000000,39.0,2009,11
1210,1210,8650,cgl0911230742,2009-11-23 07:42:00,0.0,CGL,Pete Laver,Foraging,8026354.0,296082.0,0.0,,not sure what observation type - not listed on datasheet.,9.0,,,,,,,,,,,,,,,,,,,,,,,,,,,,,,,,,,,,,,9.0,,,,0 days 00:00:00.000000000,-34.0,2009,11
1218,1218,8692,cgl0911241624,2009-11-24 16:24:00,0.0,CGL,Mpho Ramotadima,Foraging,8026272.0,296474.0,0.0,at game lodge,,25.0,,,,,,,1.0,,,,,,,,,,,,3.0,,,,,,,,,,,,,,,,,,,28.0,,,,1 days 00:00:00.000000000,19.0,2009,11
1219,1219,8703,cgl0911250614,2009-11-25 06:14:00,0.0,CGL,Pete Laver,Moving,8026278.0,296716.0,0.0,crossing road at entry to CGL,not sure if this is CGL.,20.0,,,,,,,,,,,,,,,,,,,,,,,,,,,,,,,,,,,,,,20.0,,,,1 days 00:00:00.000000000,-8.0,2009,11
1220,1220,8713,cgl0911250645,2009-11-25 06:45:00,0.0,CGL,Pete Laver,Moving,8026178.0,296581.0,0.0,,24 sets of tracks crossing road,24.0,,,,,,,,,,,,,,,,,,,,,,,,,,,,,,,,,,,,,,24.0,,,,0 days 00:00:00.000000000,4.0,2009,11
1221,1221,8718,cgl0911250705,2009-11-25 07:05:00,0.0,CGL,Pete Laver,Foraging,8026326.0,296549.0,0.0,,also putative den.  Hollow log and hole in ground.  Mounting.  7 animals remained; chasing each other.,36.0,,,,,,,1.0,,,,,,,,,,,,,,,,,,,,,,,,,,,,,,,36.0,,,,0 days 00:00:00.000000000,12.0,2009,11
1229,1229,8799,cgl0911261755,2009-11-26 17:55:00,0.0,CGL,Mpho Ramotadima,Foraging,8026283.0,296254.0,0.0,,,23.0,,,,,,,,,,,,,,,,,,,,,,,,,,,,,,,,,,,,,,23.0,,,,1 days 00:00:00.000000000,-13.0,2009,11
1244,1244,8966,cgl0912020942,2009-12-02 09:42:00,0.0,CGL,Mpho Ramotadima,Foraging,8026154.0,296116.0,0.0,CGL guides' quarters,,11.0,7.0,3.0,1.0,11.0,,,,,,,,,,,,,,,1.0,,,,,,,,,,,,,,,,,,,12.0,11.0,,,6 days 00:00:00.000000000,-11.0,2009,12
1256,1256,9032,cgl0912040811,2009-12-04 08:11:00,0.0,CGL,Mpho Ramotadima,Foraging,8026205.0,296020.0,0.0,west of Chobe Game Lodge,,22.0,,,,,,,,,,,,,,,,,,,,,,,,,,,,,,,,,,,,,,22.0,,,,2 days 00:00:00.000000000,10.0,2009,12
1263,1263,9045,cgl0912071835,2009-12-07 18:35:00,0.0,CGL,Mpho Ramotadima,Moving,8026129.0,296122.0,0.0,CGL behind the workshop,,16.0,,,,16.0,,,,,,,,,,,,,,,1.0,1.0,,,1.0,1.0,,,,,,,,,,,,,,17.0,17.0,,,3 days 00:00:00.000000000,-5.0,2009,12
1267,1267,9050,cgl0912081153,2009-12-08 11:53:00,0.0,CGL,Mpho Ramotadima,Foraging,8026393.0,295942.0,0.0,CGL owner's residence,,11.0,,,,11.0,,,,,,,,,,,,,,,,,,,,,,,,,,,,,,,,,,11.0,11.0,,,1 days 00:00:00.000000000,-6.0,2009,12
1276,1276,9063,cgl0912101023,2009-12-10 10:23:00,0.0,CGL,Mpho Ramotadima,Foraging,8026155.0,296011.0,0.0,CGL,,18.0,,,,18.0,,,,,,,,,,,,,,,,,,,,,,,,,,,,,,,,,,18.0,18.0,,,2 days 00:00:00.000000000,7.0,2009,12
1286,1286,9076,cgl0912141520,2009-12-14 15:20:00,0.0,CGL,Mpho Ramotadima,Foraging,8026245.0,296244.0,0.0,lodge entrance,,51.0,,,51.0,47.0,,,8.0,2.0,,47.0,0.0,,,0.0,4.0,,,4.0,,,,,,,,,,,,,,,,,,,,51.0,47.0,,4.0,4 days 00:00:00.000000000,33.0,2009,12
1320,1320,9129,cgl1001060606,2010-01-06 06:06:00,0.0,CGL,Pete Laver,Denning,8026376.0,296216.0,0.0,,denning under walkway / building - eastern rooms.  By 0648 pups and at least 1 adult were still in den.,40.0,,,,38.0,,,,,,,0.0,,,,2.0,,,,,,,,,,,,,,,,,,,,,,,40.0,38.0,,2.0,23 days 00:00:00.000000000,-11.0,2010,1
1331,1331,9166,cgl1001120604,2010-01-12 06:04:00,0.0,CGL,Pete Laver,Foraging,8026153.0,296133.0,0.0,raiding trash site,,2.0,,,,2.0,,,,,,,,,,,,,,,,,,,,,,,,,,,,,,,,,,2.0,2.0,,,6 days 00:00:00.000000000,-38.0,2010,1
1332,1332,9171,cgl1001120718,2010-01-12 07:18:00,0.0,CGL,Pete Laver,Foraging,8026217.0,295926.0,0.0,,,9.0,,,,9.0,,,,,,,,,,,,,,,,,,,,,,,,,,,,,,,,,,9.0,9.0,,,0 days 00:00:00.000000000,7.0,2010,1
1349,1349,9198,cgl1001251710,2010-01-25 17:10:00,0.0,CGL,Mpho Ramotadima,Foraging,8026421.0,296105.0,0.0,boma,,41.0,10.0,13.0,18.0,27.0,10.0,13.0,5.0,4.0,,4.0,1.0,,,1.0,13.0,,,13.0,,,,,,,,,,,,,,,,,,,,41.0,27.0,1.0,13.0,13 days 00:00:00.000000000,32.0,2010,1
1355,1355,9205,cgl1001261735,2010-01-26 17:35:00,0.0,CGL,Mpho Ramotadima,Foraging,8026284.0,296055.0,0.0,staff houses,,28.0,9.0,10.0,9.0,22.0,9.0,10.0,2.0,2.0,,3.0,1.0,,,1.0,5.0,,,5.0,,,,,,,,,,,,,,,,,,,,28.0,22.0,1.0,5.0,1 days 00:00:00.000000000,-13.0,2010,1
1357,1357,9208,cgl1001271021,2010-01-27 10:21:00,0.0,CGL,Mpho Ramotadima,Foraging,8026189.0,296109.0,0.0,kitchen,,25.0,8.0,10.0,7.0,18.0,8.0,10.0,2.0,2.0,,,0.0,,,,7.0,,,7.0,,,,,,,,,,,,,,,,,,,,25.0,18.0,,7.0,1 days 00:00:00.000000000,-3.0,2010,1
1366,1366,9217,cgl1001281426,2010-01-28 14:26:00,0.0,CGL,Mpho Ramotadima,Foraging,8026256.0,296094.0,0.0,parking lot,,36.0,11.0,12.0,13.0,23.0,11.0,12.0,2.0,1.0,,0.0,3.0,,,3.0,10.0,,,10.0,,,,,,,,,,,,,,,,,,,,36.0,23.0,3.0,10.0,1 days 00:00:00.000000000,11.0,2010,1
1369,1369,9220,cgl1001291015,2010-01-29 10:15:00,0.0,CGL,Mpho Ramotadima,Foraging,8026206.0,296081.0,0.0,workshop,,40.0,1.0,6.0,33.0,30.0,1.0,6.0,3.0,2.0,,23.0,2.0,,,2.0,8.0,,,8.0,,,,,,,,,,,,,,,,,,,,40.0,30.0,2.0,8.0,1 days 00:00:00.000000000,4.0,2010,1
1379,1379,9233,cgl1002181721,2010-02-18 17:21:00,0.0,CGL,Mpho Ramotadima,Foraging,8026276.0,296138.0,0.0,garage,,42.0,6.0,8.0,28.0,21.0,6.0,8.0,3.0,,,7.0,5.0,,,5.0,16.0,,,16.0,,,,,,,,,,,,,,,,,,,,42.0,21.0,5.0,16.0,20 days 00:00:00.000000000,2.0,2010,2
1381,1381,9236,cgl1002191015,2010-02-19 10:15:00,0.0,CGL,Mpho Ramotadima,Foraging,8026159.0,296092.0,0.0,staff block,,50.0,5.0,9.0,36.0,22.0,5.0,9.0,3.0,4.0,,8.0,4.0,,,4.0,24.0,,,24.0,,,,,,,,,,,,,,,,,,,,50.0,22.0,4.0,24.0,1 days 00:00:00.000000000,8.0,2010,2
1388,1388,9244,cgl1002221715,2010-02-22 17:15:00,0.0,CGL,Mpho Ramotadima,Foraging,8026271.0,296617.0,0.0,around cgl entrance,,46.0,7.0,6.0,33.0,18.0,7.0,6.0,2.0,4.0,,5.0,6.0,,,6.0,22.0,,,22.0,,,,,,,,,,,,,,,,,,,,46.0,18.0,6.0,22.0,3 days 00:00:00.000000000,-4.0,2010,2
1396,1396,9253,cgl1002241710,2010-02-24 17:10:00,0.0,CGL,Mpho Ramotadima,Forage/Rest,8026216.0,296314.0,0.0,guide's residence,,36.0,10.0,6.0,20.0,20.0,10.0,6.0,2.0,2.0,,2.0,6.0,,,6.0,12.0,,,12.0,,,,,,,,,,,,,,,,,,,,36.0,20.0,6.0,12.0,2 days 00:00:00.000000000,-10.0,2010,2
1401,1401,9258,cgl1002251810,2010-02-25 18:10:00,0.0,CGL,Mpho Ramotadima,Forage/Rest,8026248.0,296291.0,0.0,,,40.0,4.0,8.0,28.0,24.0,4.0,8.0,2.0,4.0,,12.0,5.0,,,5.0,11.0,,,11.0,,,,,,,,,,,,,,,,,,,,40.0,24.0,5.0,11.0,1 days 00:00:00.000000000,4.0,2010,2
1408,1408,9267,cgl1003021543,2010-03-02 15:43:00,0.0,CGL,Mpho Ramotadima,Foraging,8026286.0,296462.0,0.0,,,29.0,2.0,6.0,21.0,12.0,2.0,6.0,1.0,,,4.0,4.0,,,4.0,13.0,,,13.0,,,,,,,,,,,,,,,,,,,,29.0,12.0,4.0,13.0,5 days 00:00:00.000000000,-11.0,2010,3
1414,1414,9276,cgl1003160850,2010-03-16 08:50:00,0.0,CGL,Mpho Ramotadima,Foraging,8026370.0,295962.0,0.0,west end of guest block,,26.0,5.0,3.0,18.0,21.0,5.0,3.0,,,,13.0,0.0,,,0.0,5.0,,,5.0,,,,,,,,,,,,,,,,,,,,26.0,21.0,,5.0,14 days 00:00:00.000000000,-3.0,2010,3
1415,1415,9277,cgl1003161048,2010-03-16 10:48:00,0.0,CGL,Pete Laver,Foraging,8026230.0,296644.0,0.0,,,24.0,4.0,5.0,15.0,9.0,4.0,5.0,2.0,,,0.0,5.0,,,5.0,10.0,,,10.0,,,,,,,,,,,,,,,,,,,,24.0,9.0,5.0,10.0,0 days 00:00:00.000000000,-2.0,2010,3
1424,1424,9290,cgl1003181812,2010-03-18 18:12:00,0.0,CGL,Mpho Ramotadima,Foraging,8026234.0,296139.0,0.0,staff kitchen and fuel point,,15.0,4.0,5.0,6.0,10.0,4.0,3.0,,,,3.0,5.0,,2.0,3.0,0.0,,0.0,0.0,,,,,,,,,,,,,,,,,,,,15.0,10.0,5.0,,2 days 00:00:00.000000000,-9.0,2010,3
1429,1429,9295,cgl1003191623,2010-03-19 16:23:00,0.0,CGL,Mpho Ramotadima,Foraging,8026399.0,295926.0,0.0,gibson house,,34.0,,,34.0,10.0,,,,,,10.0,14.0,,,14.0,10.0,,,10.0,,,,,,,,,,,,,,,,,,,,34.0,10.0,14.0,10.0,1 days 00:00:00.000000000,19.0,2010,3
1431,1431,9297,cgl1003201002,2010-03-20 10:02:00,0.0,CGL,Pete Laver,Foraging,8026174.0,296341.0,0.0,on lawn of Wouter's house,1 ad male with a perfect white blaze on chest vig stand and ac at me at 5m  and then circled me at exactly 5m radius,52.0,2.0,4.0,46.0,34.0,2.0,4.0,1.0,,,28.0,18.0,,,18.0,0.0,,,0.0,,,,,,,,,,,,,,,,,,,,52.0,34.0,18.0,,1 days 00:00:00.000000000,18.0,2010,3
1432,1432,9300,cgl1003221010,2010-03-22 10:10:00,0.0,CGL,Mpho Ramotadima,Foraging,8026233.0,295982.0,0.0,house at the drain,,29.0,4.0,5.0,20.0,14.0,4.0,5.0,,,,5.0,4.0,,,4.0,11.0,,,11.0,,,,,,,,,,,,,,,,,,,,29.0,14.0,4.0,11.0,2 days 00:00:00.000000000,-23.0,2010,3
1435,1435,9305,cgl1003241033,2010-03-24 10:33:00,0.0,CGL,Mpho Ramotadima,Forage/Rest,8026367.0,296078.0,0.0,,,20.0,5.0,4.0,11.0,15.0,5.0,4.0,,,,6.0,5.0,,,5.0,0.0,,,0.0,,,,,,,,,,,,,,,,,,,,20.0,15.0,5.0,,2 days 00:00:00.000000000,-9.0,2010,3
1440,1440,9312,cgl1003251409,2010-03-25 14:09:00,0.0,CGL,Mpho Ramotadima,Foraging,8026008.0,296344.0,0.0,south of lodge crossing road.,,58.0,,,58.0,33.0,,,,,,33.0,10.0,,,10.0,15.0,,,15.0,,,,,,,,,,,,,,,,,,,,58.0,33.0,10.0,15.0,1 days 00:00:00.000000000,38.0,2010,3
1444,1444,9318,cgl1003261113,2010-03-26 11:13:00,0.0,CGL,Mpho Ramotadima,Foraging,8026159.0,296113.0,0.0,,,53.0,7.0,6.0,40.0,29.0,5.0,4.0,,,,20.0,9.0,2.0,2.0,5.0,15.0,0.0,0.0,15.0,,,,,,,,,,,,,,,,,,,,53.0,29.0,9.0,15.0,1 days 00:00:00.000000000,-5.0,2010,3
1449,1449,9326,cgl1003291457,2010-03-29 14:57:00,0.0,CGL,Mpho Ramotadima,Forage/Rest,8026099.0,296430.0,0.0,steep slope sandy area,,53.0,5.0,9.0,39.0,31.0,4.0,6.0,,,,21.0,9.0,1.0,3.0,5.0,13.0,0.0,0.0,13.0,,,,,,,,,,,,,,,,,,,,53.0,31.0,9.0,13.0,3 days 00:00:00.000000000,0.0,2010,3
1453,1453,9331,cgl1003301127,2010-03-30 11:27:00,0.0,CGL,Mpho Ramotadima,Foraging,8026293.0,296462.0,0.0,,,46.0,7.0,8.0,31.0,28.0,5.0,4.0,,,,19.0,7.0,2.0,4.0,1.0,11.0,0.0,0.0,11.0,,,,,,,,,,,,,,,,,,,,46.0,28.0,7.0,11.0,1 days 00:00:00.000000000,-7.0,2010,3
1457,1457,9336,cgl1003311540,2010-03-31 15:40:00,0.0,CGL,Mpho Ramotadima,Foraging,8026102.0,296115.0,0.0,behind dump site,,19.0,1.0,0.0,18.0,16.0,1.0,,,,,15.0,3.0,,,3.0,0.0,,,0.0,,,,,,,,,,,,,,,,,,,,19.0,16.0,3.0,,1 days 00:00:00.000000000,-27.0,2010,3
1459,1459,9339,cgl1004011024,2010-04-01 10:24:00,0.0,CGL,Mpho Ramotadima,Foraging,8026127.0,296165.0,0.0,drain behind staff quarters (grey water),,34.0,6.0,4.0,24.0,22.0,6.0,4.0,,,,12.0,4.0,,,4.0,8.0,,,8.0,,,,,,,,,,,,,,,,,,,,34.0,22.0,4.0,8.0,1 days 00:00:00.000000000,15.0,2010,4
1468,1468,9354,cgl1004061605,2010-04-06 16:05:00,0.0,CGL,Mpho Ramotadima,Forage/Rest,8026033.0,296188.0,0.0,south of the lodge,,25.0,4.0,5.0,16.0,14.0,4.0,5.0,2.0,,,5.0,8.0,,,8.0,3.0,,,3.0,,,,,,,,,,,,,,,,,,,,25.0,14.0,8.0,3.0,5 days 00:00:00.000000000,-9.0,2010,4
1474,1474,9372,cgl1004081611,2010-04-08 16:11:00,0.0,CGL,Mpho Ramotadima,Forage/Rest,8026215.0,295964.0,0.0,senior staff houses,,21.0,3.0,7.0,11.0,10.0,3.0,7.0,,,,,11.0,,,11.0,0.0,,,,,,,,,,,,,,,,,,,,,,,21.0,10.0,11.0,,2 days 00:00:00.000000000,-4.0,2010,4
1476,1476,9376,cgl1004091109,2010-04-09 11:09:00,0.0,CGL,Mpho Ramotadima,Foraging,8026044.0,296010.0,0.0,upper south road opposite lodge,,20.0,,,20.0,16.0,,,,,,16.0,4.0,,,4.0,0.0,,,0.0,,,,,,,,,,,,,,,,,,,,20.0,16.0,4.0,,1 days 00:00:00.000000000,-1.0,2010,4
1480,1480,9384,cgl1004121640,2010-04-12 16:40:00,0.0,CGL,Mpho Ramotadima,Foraging,8026328.0,296141.0,0.0,lawn area,,47.0,,,47.0,41.0,,,,,,41.0,6.0,,,6.0,0.0,,,0.0,,,,,,,,,,,,,,,,,,,,47.0,41.0,6.0,,3 days 00:00:00.000000000,27.0,2010,4
1481,1481,9388,cgl1004131053,2010-04-13 10:53:00,0.0,CGL,Mpho Ramotadima,Foraging,8026275.0,296719.0,0.0,sandy patch at cgl entrance,,28.0,1.0,2.0,25.0,28.0,1.0,2.0,2.0,,,25.0,,,,,,,,,,,,,,,,,,,,,,,,,,,,28.0,28.0,,,1 days 00:00:00.000000000,-19.0,2010,4
1491,1491,9404,cgl1004141630,2010-04-14 16:30:00,0.0,CGL,Mpho Ramotadima,Foraging,8026213.0,296001.0,0.0,senior officer's residence,,27.0,3.0,1.0,23.0,18.0,3.0,1.0,,,,14.0,9.0,,,9.0,0.0,,,0.0,,,,,,,,,,,,,,,,,,,,27.0,18.0,9.0,,1 days 00:00:00.000000000,-1.0,2010,4
1509,1509,9429,cgl1004190910,2010-04-19 09:10:00,0.0,CGL,Mpho Ramotadima,Foraging,8026068.0,296427.0,0.0,upper road opposite CGL moving to river,,21.0,1.0,0.0,20.0,12.0,1.0,,1.0,,,11.0,9.0,,,9.0,0.0,,,0.0,,,,,,,,,,,,,,,,,,,,21.0,12.0,9.0,,5 days 00:00:00.000000000,-6.0,2010,4
1518,1518,9441,cgl1004201620,2010-04-20 16:20:00,0.0,CGL,Mpho Ramotadima,Foraging,8025881.0,296577.0,0.0,southwest of cgl,,54.0,,,54.0,,,,1.0,,,,,,,,,,,,1.0,1.0,,,,,,,,,,,,,,,,,,55.0,,,,1 days 00:00:00.000000000,34.0,2010,4
1521,1521,9445,cgl1004211002,2010-04-21 10:02:00,0.0,CGL,Mpho Ramotadima,Moving,8026264.0,296461.0,0.0,after private rd sign  crossing to south,NB - calling for the troop - looked lost.,2.0,,,2.0,2.0,,,,,,2.0,,,,,,,,,,,,,,,,,,,,,,,,,,,,2.0,2.0,,,1 days 00:00:00.000000000,-53.0,2010,4
1528,1528,9455,cgl1004221535,2010-04-22 15:35:00,0.0,CGL,Mpho Ramotadima,Foraging,8026320.0,296106.0,0.0,,,40.0,4.0,3.0,33.0,27.0,4.0,3.0,2.0,,,20.0,13.0,,,13.0,0.0,,,0.0,,,,,,,,,,,,,,,,,,,,40.0,27.0,13.0,,1 days 00:00:00.000000000,38.0,2010,4
1531,1531,9459,cgl1004230930,2010-04-23 09:30:00,0.0,CGL,Mpho Ramotadima,Foraging,8026121.0,295720.0,0.0,upper cgl road,all moved next to the car  none called.,51.0,4.0,2.0,45.0,31.0,4.0,2.0,1.0,,,25.0,20.0,,,20.0,0.0,,,0.0,1.0,1.0,,,,,,,,,,,,,,,,,,52.0,31.0,20.0,,1 days 00:00:00.000000000,12.0,2010,4
1538,1538,9468,cgl1004261531,2010-04-26 15:31:00,0.0,CGL,Mpho Ramotadima,Foraging,8026348.0,296040.0,0.0,lodge lawn,playing and chasing each other on the lawns.,42.0,2.0,5.0,35.0,27.0,2.0,5.0,,,,20.0,15.0,,,15.0,0.0,,,0.0,,,,,,,,,,,,,,,,,,,,42.0,27.0,15.0,,3 days 00:00:00.000000000,-10.0,2010,4
1542,1542,9475,cgl1004271000,2010-04-27 10:00:00,0.0,CGL,Mpho Ramotadima,Moving,8026010.0,296174.0,0.0,crossing from south upper road towards lodge,running to the lodge but not running as if being chased - just in a hurry.,48.0,1.0,0.0,47.0,32.0,1.0,,1.0,,,30.0,17.0,,,17.0,-1.0,,,0.0,1.0,1.0,,,1.0,1.0,,,,,,,,,,,,,,49.0,33.0,17.0,-1.0,1 days 00:00:00.000000000,7.0,2010,4
1553,1553,9490,cgl1004281704,2010-04-28 17:04:00,0.0,CGL,Mpho Ramotadima,Foraging,8026207.0,296126.0,0.0,in lodge moving to kitchen (dumpsite & kitchen),,36.0,4.0,15.0,18.0,23.0,4.0,14.0,1.0,,,5.0,13.0,,,13.0,0.0,,,0.0,1.0,,1.0,,1.0,,1.0,,,,,,,,,,,,,37.0,24.0,13.0,,1 days 00:00:00.000000000,-12.0,2010,4
1556,1556,9496,cgl1004291047,2010-04-29 10:47:00,0.0,CGL,Mpho Ramotadima,Forage/Rest,8026396.0,295959.0,0.0,west of MD's office,,17.0,5.0,2.0,10.0,11.0,5.0,2.0,,,,4.0,7.0,,1.0,6.0,-1.0,,-1.0,0.0,,,,,,,,,,,,,,,,,,,,17.0,11.0,7.0,-1.0,1 days 00:00:00.000000000,-20.0,2010,4
1563,1563,9508,cgl1004301600,2010-04-30 16:00:00,0.0,CGL,Mpho Ramotadima,Forage/Rest,8025987.0,296457.0,0.0,southeast of cgl,,43.0,,,31.0,,,,2.0,,,,12.0,,,12.0,,,,,,,,,,,,,,,,,,,,,,,,43.0,,12.0,,1 days 00:00:00.000000000,26.0,2010,4
1591,1591,9560,cgl1005111617,2010-05-11 16:17:00,0.0,CGL,Mpho Ramotadima,Forage/Rest,8026407.0,296163.0,0.0,lodge,16 sleeping  rest foraging.,41.0,5.0,3.0,33.0,30.0,4.0,3.0,,,,23.0,11.0,1.0,,10.0,0.0,0.0,,0.0,,,,,,,,,,,,,,,,,,,,41.0,30.0,11.0,,11 days 00:00:00.000000000,-2.0,2010,5
1593,1593,9567,cgl1005121124,2010-05-12 11:24:00,0.0,CGL,Mpho Ramotadima,Moving,8026261.0,296036.0,0.0,running to the lawn,,34.0,,,,,,,,,,,,,,,,,,,,,,,,,,,,,,,,,,,,,,34.0,,,,1 days 00:00:00.000000000,-7.0,2010,5
1606,1606,9589,cgl1005171630,2010-05-17 16:30:00,0.0,CGL,Mpho Ramotadima,Foraging,8026242.0,296103.0,0.0,staff kitchen,,23.0,8.0,7.0,8.0,15.0,7.0,7.0,,,,1.0,8.0,1.0,,7.0,0.0,0.0,,0.0,,,,,,,,,,,,,,,,,,,,23.0,15.0,8.0,,5 days 00:00:00.000000000,-11.0,2010,5
1612,1612,9599,cgl1005181652,2010-05-18 16:52:00,0.0,CGL,Mpho Ramotadima,Forage/Rest,8026234.0,296111.0,0.0,lodge,,21.0,1.0,0.0,20.0,15.0,1.0,,,,,14.0,6.0,,,6.0,0.0,,,0.0,,,,,,,,,,,,,,,,,,,,21.0,15.0,6.0,,1 days 00:00:00.000000000,-2.0,2010,5
1613,1613,9603,cgl1005190800,2010-05-19 08:00:00,0.0,CGL,Mpho Ramotadima,Foraging,8026033.0,296370.0,0.0,south of lodge,,44.0,,,44.0,36.0,,,,,,36.0,8.0,,,8.0,0.0,,,0.0,1.0,1.0,,,1.0,1.0,,,,,,,,,,,,,,45.0,37.0,8.0,,1 days 00:00:00.000000000,24.0,2010,5
1622,1622,9615,cgl1005211020,2010-05-21 10:20:00,0.0,CGL,Mpho Ramotadima,Foraging,8026094.0,295660.0,0.0,east of lodge (crossing road to lodge),suspect this a split group,19.0,3.0,3.0,11.0,16.0,3.0,2.0,,,,11.0,3.0,2.0,1.0,,0.0,-2.0,0.0,,,,,,,,,,,,,,,,,,,,,19.0,16.0,3.0,,2 days 00:00:00.000000000,-26.0,2010,5
1635,1635,9803,cgl1006040646,2010-06-04 06:46:00,0.0,CGL,Pete Laver,Denning,8026200.0,296200.0,0.0,woke them up at the den,,30.0,,,,,,,,,,,,,,,,,,,,,,,,,,,,,,,,,,,,,,30.0,,,,14 days 00:00:00.000000000,11.0,2010,6
1636,1636,9855,cgl1006041021,2010-06-04 10:21:00,0.0,CGL,Pete Laver,Foraging,8026296.0,295945.0,0.0,turnoff to jono gibson's house,,30.0,2.0,3.0,5.0,5.0,2.0,3.0,,,,,5.0,,,5.0,20.0,,,,,,,,,,,,,,,,,,,,,,,30.0,5.0,5.0,20.0,0 days 00:00:00.000000000,0.0,2010,6
1645,1645,10120,cgl1006151325,2010-06-15 13:25:00,0.0,CGL,Pete Laver,Foraging,8026360.0,296199.0,0.0,,whole group was spread 50m  this foraging group was spread 20m.,19.0,,,,,,,,,,,,,,,,,,,,,,,,,,,,,,,,,,,,,,19.0,,,,11 days 00:00:00.000000000,-11.0,2010,6
1646,1646,10121,cgl1006151326,2010-06-15 13:26:00,0.0,CGL,Pete Laver,Resting,8026384.0,296171.0,0.0,,total group size (of two foraging and resting groups) is 37.,16.0,,,,,,,,,,,,,,,,,,,,,,,,,,,,,,,,,,,,,,16.0,,,,0 days 00:00:00.000000000,-3.0,2010,6
1647,1647,10122,cgl1006151343,2010-06-15 13:43:00,0.0,CGL,Pete Laver,Moving,8026215.0,296117.0,0.0,at workshop area,,3.0,,2.0,,2.0,,2.0,,,,,1.0,,,,0.0,,,,,,,,,,,,,,,,,,,,,,,3.0,2.0,1.0,,0 days 00:00:00.000000000,-13.0,2010,6
1655,1655,10208,cgl1006180705,2010-06-18 07:05:00,0.0,CGL,Pete Laver,Sunning,8026198.0,296071.0,0.0,vehicle ramp near CGL workshop,,38.0,,,,,,,,,,,,,,,,,,,,,,,,,,,,,,,,,,,,,,38.0,,,,3 days 00:00:00.000000000,35.0,2010,6
1708,1708,12235,cgl1008201140,2010-08-20 11:40:00,0.0,CGL,Pete Laver,Foraging,8026224.0,296175.0,0.0,,,19.0,,,,,,,,,,,,,,,,,,,,,,,,,,,,,,,,,,,,,,19.0,,,,63 days 00:00:00.000000000,-19.0,2010,8
1710,1710,12252,cgl1008231305,2010-08-23 13:05:00,0.0,CGL,Pete Laver,Foraging,8026152.0,295696.0,0.0,crossing road moving towards lodge,crossing :09 :18 :20 :24 :28 :31 :32 :34 :48 1:05 1:57 2:13 2:24 2:48 2:48 2:54 2:54 2:56 2:58 3:16 3:19 3:22 3:22 3:24 3:28 3:32 3:35 3:35 3:35 3:37 3:42 3:45 3:45 3:52 3:55 3:59 4:02 4:05 4:05 4:07 4:09 4:12 4:30 4:38 4:54 5:04 5:10 5:15 5:17 6:30 6:45,51.0,,,,,,,,,,,,,,,,,,,,,,,,,,,,,,,,,,,,,,51.0,,,,3 days 00:00:00.000000000,32.0,2010,8
1712,1712,12694,cgl1009060714,2010-09-06 07:14:00,0.0,CGL,Pete Laver,Latrine,8026383.0,296119.0,0.0,rock feature at the swimming pool,emerged 0714 - 0720.,49.0,,,,,,,,,,,,,,,,,,,,,,,,,,,,,,,,,,,,,,49.0,,,,14 days 00:00:00.000000000,-2.0,2010,9
1713,1713,12695,cgl1009060755,2010-09-06 07:55:00,0.0,CGL,Pete Laver,Sunning,8026433.0,296097.0,0.0,boma,,35.0,,,,,,,,,,,,,,,,,,,,,,,,,,,,,,,,,,,,,,35.0,,,,0 days 00:00:00.000000000,-14.0,2010,9
1719,1719,13048,cgl1009161436,2010-09-16 14:36:00,0.0,CGL,Pete Laver,Foraging,8026201.0,296136.0,0.0,where land rovers are parked,,31.0,,,,,,,,,,,,,,,,,,,,,,,,,,,,,,,,,,,,,,31.0,,,,10 days 00:00:00.000000000,-4.0,2010,9
1722,1722,14456,cgl1010211419,2010-10-21 14:19:00,0.0,CGL,Pete Laver,Foraging,8026255.0,296118.0,0.0,raiding staff canteen,,5.0,,,,,,,,,,,,,,,,,,,,,,,,,,,,,,,,,,,,,,5.0,,,,35 days 00:00:00.000000000,-26.0,2010,10
1723,1723,14457,cgl1010211421,2010-10-21 14:21:00,0.0,CGL,Pete Laver,Foraging,8026283.0,296127.0,0.0,corner of paved entranceway,19 foraging  3 animals 40m away towards lodge  5 animals raiding kitchen.,27.0,,,,,,,,,,,,,,,,,,,,,,,,,,,,,,,,,,,,,,27.0,,,,0 days 00:00:00.000000000,22.0,2010,10
1724,1724,14489,cgl1010211625,2010-10-21 16:25:00,0.0,CGL,Pete Laver,Moving,8026344.0,296090.0,0.0,coming from western rooms  moving towards kitchen,,29.0,11.0,9.0,9.0,29.0,11.0,9.0,2.0,,,9.0,,,,,,,,,,,,,,,,,,,,,,,,,,,,29.0,29.0,,,0 days 00:00:00.000000000,2.0,2010,10
1725,1725,14495,cgl1010211634,2010-10-21 16:34:00,0.0,CGL,Pete Laver,Foraging,8026355.0,296072.0,0.0,near western rooms,,13.0,3.0,6.0,4.0,13.0,3.0,6.0,2.0,,,4.0,,,,,,,,,,,,,,,,,,,,,,,,,,,,13.0,13.0,,,0 days 00:00:00.000000000,-16.0,2010,10
1726,1726,14498,cgl1010211640,2010-10-21 16:40:00,0.0,CGL,Pete Laver,Foraging,8026255.0,296118.0,0.0,raiding kitchen,,4.0,3.0,1.0,0.0,4.0,3.0,1.0,,,,,,,,,,,,,,,,,,,,,,,,,,,,,,,,4.0,4.0,,,0 days 00:00:00.000000000,-9.0,2010,10
1727,1727,14499,cgl1010211644,2010-10-21 16:44:00,0.0,CGL,Pete Laver,Foraging,8026255.0,296118.0,0.0,3 more animals raid the kitchen / canteen,,3.0,,,,,,,,,,,,,,,,,,,,,,,,,,,,,,,,,,,,,,3.0,,,,0 days 00:00:00.000000000,-1.0,2010,10
1728,1728,14502,cgl1010211646,2010-10-21 16:46:00,0.0,CGL,Pete Laver,Moving,8026197.0,296087.0,0.0,moving towards western french drain,,7.0,4.0,3.0,0.0,7.0,4.0,3.0,,,,,,,,,,,,,,,,,,,,,,,,,,,,,,,,7.0,7.0,,,0 days 00:00:00.000000000,4.0,2010,10
1729,1729,14504,cgl1010211651,2010-10-21 16:51:00,0.0,CGL,Pete Laver,Moving,8026252.0,296131.0,0.0,,,5.0,,,,,,,,,,,,,,,,,,,,,,,,,,,,,,,,,,,,,,5.0,,,,0 days 00:00:00.000000000,-2.0,2010,10
1730,1730,14507,cgl1010211656,2010-10-21 16:56:00,0.0,CGL,Pete Laver,Moving,8026235.0,296081.0,0.0,,,4.0,,,,,,,,,,,,,,,,,,,,,,,,,,,,,,,,,,,,,,4.0,,,,0 days 00:00:00.000000000,-1.0,2010,10
1731,1731,14513,cgl1010211704,2010-10-21 17:04:00,0.0,CGL,Pete Laver,Moving,8026240.0,296240.0,0.0,,,4.0,,,,,,,,,,,,,,,,,,,,,,,,,,,,,,,,,,,,,,4.0,,,,0 days 00:00:00.000000000,0.0,2010,10
1732,1732,14516,cgl1010211706,2010-10-21 17:06:00,0.0,CGL,Pete Laver,Resting,8026200.0,296127.0,0.0,,,4.0,,,,,,,,,,,,,,,,,,,,,,,,,,,,,,,,,,,,,,4.0,,,,0 days 00:00:00.000000000,0.0,2010,10
1733,1733,14521,cgl1010211720,2010-10-21 17:20:00,0.0,CGL,Pete Laver,Foraging,8026191.0,296139.0,0.0,overturned jojo drum / ice machine,,25.0,,,,,,,,,,,,,,,,,,,,,,,,,,,,,,,,,,,,,,25.0,,,,0 days 00:00:00.000000000,21.0,2010,10
1734,1734,14529,cgl1010211734,2010-10-21 17:34:00,0.0,CGL,Pete Laver,Foraging,8026192.0,296058.0,0.0,vehicle ramp,,6.0,,,,,,,,,,,,,,,,,,,,,,,,,,,,,,,,,,,,,,6.0,,,,0 days 00:00:00.000000000,-19.0,2010,10
1735,1735,14530,cgl1010211755,2010-10-21 17:55:00,0.0,CGL,Pete Laver,Foraging,8026191.0,296139.0,0.0,ice machines,,3.0,,,,,,,,,,,,,,,,,,,,,,,,,,,,,,,,,,,,,,3.0,,,,0 days 00:00:00.000000000,-3.0,2010,10
1736,1736,14531,cgl1010211756,2010-10-21 17:56:00,0.0,CGL,Pete Laver,Foraging,8026149.0,296136.0,0.0,trash site,,4.0,,,,,,,,,,,,,,,,,,,,,,,,,,,,,,,,,,,,,,4.0,,,,0 days 00:00:00.000000000,1.0,2010,10
1737,1737,14532,cgl1010211757,2010-10-21 17:57:00,0.0,CGL,Pete Laver,Resting,8026168.0,296111.0,0.0,guide's quarters,,1.0,,,,,,,,,,,,,,,,,,,,,,,,,,,,,,,,,,,,,,1.0,,,,0 days 00:00:00.000000000,-3.0,2010,10
1738,1738,15734,cgl1011221000,2010-11-22 10:00:00,0.0,CGL,Pete Laver,Foraging,8025971.0,296609.0,0.0,beyond sandy road up hill from CGL entry road,both rc and gps signals are very weak at under 100m,25.0,,,,,,,,,,,,,,,,,,,,,,,,,,,,,,,,,,,,,,25.0,,,,32 days 00:00:00.000000000,24.0,2010,11
1739,1739,16321,cgl1012311038,2010-12-31 10:38:00,0.0,CGL,Pete Laver,Forage/Rest,8026413.0,296169.0,0.0,viewing deck,no signal - old telonics. Signal (yagi and omni) on gps vhf - 60m.,22.0,7.0,5.0,10.0,17.0,7.0,5.0,2.0,,,,0.0,,,,5.0,,,,,,,,,,,,,,,,,,,,,,,22.0,17.0,,5.0,39 days 00:00:00.000000000,-3.0,2010,12
1854,114,155,,2012-04-11 00:00:00,,CGL,,,,,,,,,,,,,,,,,,,,,,,,,,,,,,,,,,,,,,,,,,,,,,30.0,,,,,,2012,4
1855,115,156,,2012-05-04 00:00:00,,CGL,,,,,,,,,,,,,,,,,,,,,,,,,,,,,,,,,,,,,,,,,,,,,,40.0,,,,,,2012,5
1856,116,157,,2012-06-13 00:00:00,,CGL,,,,,,,,,,,,,,,,,,,,,,,,,,,,,,,,,,,,,,,,,,,,,,37.0,,,,,,2012,6
1857,117,158,,2012-07-11 00:00:00,,CGL,,,,,,,,,,,,,,,,,,,,,,,,,,,,,,,,,,,,,,,,,,,,,,33.0,,,,,,2012,7
1858,118,159,,2012-07-26 00:00:00,,CGL,,,,,,,,,,,,,,,,,,,,,,,,,,,,,,,,,,,,,,,,,,,,,,32.0,,,,,,2012,7
1859,119,160,,2012-08-23 00:00:00,,CGL,,,,,,,,,,,,,,,,,,,,,,,,,,,,,,,,,,,,,,,,,,,,,,36.0,,,,,,2012,8
1860,120,161,,2012-09-06 00:00:00,,CGL,,,,,,,,,,,,,,,,,,,,,,,,,,,,,,,,,,,,,,,,,,,,,,24.0,,,,,,2012,9
1861,121,162,,2012-09-14 00:00:00,,CGL,,,,,,,,,,,,,,,,,,,,,,,,,,,,,,,,,,,,,,,,,,,,,,20.0,,,,,,2012,9
1862,122,163,,2012-10-19 00:00:00,,CGL,,,,,,,,,,,,,,,,,,,,,,,,,,,,,,,,,,,,,,,,,,,,,,35.0,,,,,,2012,10
1863,123,164,,2012-11-06 00:00:00,,CGL,,,,,,,,,,,,,,,,,,,,,,,,,,,,,,,,,,,,,,,,,,,,,,0.0,,,,,,2012,11
1864,124,165,,2012-11-19 00:00:00,,CGL,,,,,,,,,,,,,,,,,,,,,,,,,,,,,,,,,,,,,,,,,,,,,,22.0,,,,,,2012,11
1865,125,166,,2012-11-28 00:00:00,,CGL,,,,,,,,,,,,,,,,,,,,,,,,,,,,,,,,,,,,,,,,,,,,,,19.0,,,,,,2012,11
1866,126,174,,2013-09-05 00:00:00,,CGL,,,,,,,,,,,,,,,,,,,,,,,,,,,,,,,,,,,,,,,,,,,,,,20.0,,,,,,2013,9
1867,127,175,,2013-09-09 00:00:00,,CGL,,,,,,,,,,,,,,,,,,,,,,,,,,,,,,,,,,,,,,,,,,,,,,20.0,,,,,,2013,9
1868,128,176,,2013-09-12 00:00:00,,CGL,,,,,,,,,,,,,,,,,,,,,,,,,,,,,,,,,,,,,,,,,,,,,,37.0,,,,,,2013,9
1869,129,177,,2013-09-18 00:00:00,,CGL,,,,,,,,,,,,,,,,,,,,,,,,,,,,,,,,,,,,,,,,,,,,,,37.0,,,,,,2013,9
1870,130,178,,2013-09-19 00:00:00,,CGL,,,,,,,,,,,,,,,,,,,,,,,,,,,,,,,,,,,,,,,,,,,,,,9.0,,,,,,2013,9
1871,131,179,,2013-09-25 00:00:00,,CGL,,,,,,,,,,,,,,,,,,,,,,,,,,,,,,,,,,,,,,,,,,,,,,9.0,,,,,,2013,9
1872,132,180,,2013-10-03 00:00:00,,CGL,,,,,,,,,,,,,,,,,,,,,,,,,,,,,,,,,,,,,,,,,,,,,,34.0,,,,,,2013,10
1873,133,181,,2013-10-10 00:00:00,,CGL,,,,,,,,,,,,,,,,,,,,,,,,,,,,,,,,,,,,,,,,,,,,,,29.0,,,,,,2013,10
1874,134,182,,2013-10-17 00:00:00,,CGL,,,,,,,,,,,,,,,,,,,,,,,,,,,,,,,,,,,,,,,,,,,,,,32.0,,,,,,2013,10
1875,135,183,,2013-10-18 00:00:00,,CGL,,,,,,,,,,,,,,,,,,,,,,,,,,,,,,,,,,,,,,,,,,,,,,29.0,,,,,,2013,10
1876,136,184,,2013-10-24 00:00:00,,CGL,,,,,,,,,,,,,,,,,,,,,,,,,,,,,,,,,,,,,,,,,,,,,,20.0,,,,,,2013,10
1877,137,185,,2013-10-31 00:00:00,,CGL,,,,,,,,,,,,,,,,,,,,,,,,,,,,,,,,,,,,,,,,,,,,,,20.0,,,,,,2013,10
1878,138,186,,2013-11-04 00:00:00,,CGL,,,,,,,,,,,,,,,,,,,,,,,,,,,,,,,,,,,,,,,,,,,,,,20.0,,,,,,2013,11
1879,139,187,,2013-11-15 00:00:00,,CGL,,,,,,,,,,,,,,,,,,,,,,,,,,,,,,,,,,,,,,,,,,,,,,11.0,,,,,,2013,11
1880,140,188,,2013-11-21 00:00:00,,CGL,,,,,,,,,,,,,,,,,,,,,,,,,,,,,,,,,,,,,,,,,,,,,,20.0,,,,,,2013,11
1881,141,189,,2013-11-21 00:00:00,,CGL,,,,,,,,,,,,,,,,,,,,,,,,,,,,,,,,,,,,,,,,,,,,,,11.0,,,,,,2013,11
1882,142,190,,2013-11-22 00:00:00,,CGL,,,,,,,,,,,,,,,,,,,,,,,,,,,,,,,,,,,,,,,,,,,,,,18.0,,,,,,2013,11
1883,143,191,,2013-12-05 00:00:00,,CGL,,,,,,,,,,,,,,,,,,,,,,,,,,,,,,,,,,,,,,,,,,,,,,38.0,,,,,,2013,12
1884,144,192,,2013-12-12 00:00:00,,CGL,,,,,,,,,,,,,,,,,,,,,,,,,,,,,,,,,,,,,,,,,,,,,,15.0,,,,,,2013,12
1885,145,193,,2014-01-03 00:00:00,,CGL,,,,,,,,,,,,,,,,,,,,,,,,,,,,,,,,,,,,,,,,,,,,,,15.0,,,,,,2014,1
1886,146,194,,2014-01-31 00:00:00,,CGL,,,,,,,,,,,,,,,,,,,,,,,,,,,,,,,,,,,,,,,,,,,,,,29.0,,,,,,2014,1
1887,147,195,,2014-02-25 00:00:00,,CGL,,,,,,,,,,,,,,,,,,,,,,,,,,,,,,,,,,,,,,,,,,,,,,29.0,,,,,,2014,2
1888,148,198,,2016-01-13 00:00:00,,CGL,,,,,,,,,,,,,,,,,,,,,,,,,,,,,,,,,,,,,,,,,,,,,,18.0,,,,,,2016,1
1889,149,199,,2016-01-14 00:00:00,,CGL,,,,,,,,,,,,,,,,,,,,,,,,,,,,,,,,,,,,,,,,,,,,,,20.0,,,,,,2016,1
1890,150,200,,2016-01-22 00:00:00,,CGL,,,,,,,,,,,,,,,,,,,,,,,,,,,,,,,,,,,,,,,,,,,,,,8.0,,,,,,2016,1
1891,151,201,,2016-02-17 00:00:00,,CGL,,,,,,,,,,,,,,,,,,,,,,,,,,,,,,,,,,,,,,,,,,,,,,7.0,,,,,,2016,2
1892,152,202,,2016-02-23 00:00:00,,CGL,,,,,,,,,,,,,,,,,,,,,,,,,,,,,,,,,,,,,,,,,,,,,,11.0,,,,,,2016,2
1893,153,203,,2016-02-25 00:00:00,,CGL,,,,,,,,,,,,,,,,,,,,,,,,,,,,,,,,,,,,,,,,,,,,,,13.0,,,,,,2016,2
1894,154,204,,2016-02-26 00:00:00,,CGL,,,,,,,,,,,,,,,,,,,,,,,,,,,,,,,,,,,,,,,,,,,,,,8.0,,,,,,2016,2
1895,155,205,,2016-03-02 00:00:00,,CGL,,,,,,,,,,,,,,,,,,,,,,,,,,,,,,,,,,,,,,,,,,,,,,12.0,,,,,,2016,3
1896,156,206,,2016-03-04 00:00:00,,CGL,,,,,,,,,,,,,,,,,,,,,,,,,,,,,,,,,,,,,,,,,,,,,,7.0,,,,,,2016,3
1897,157,207,,2016-03-09 00:00:00,,CGL,,,,,,,,,,,,,,,,,,,,,,,,,,,,,,,,,,,,,,,,,,,,,,12.0,,,,,,2016,3
1898,158,208,,2016-03-10 00:00:00,,CGL,,,,,,,,,,,,,,,,,,,,,,,,,,,,,,,,,,,,,,,,,,,,,,5.0,,,,,,2016,3
1899,159,209,,2016-04-18 00:00:00,,CGL,,,,,,,,,,,,,,,,,,,,,,,,,,,,,,,,,,,,,,,,,,,,,,10.0,,,,,,2016,4
1900,160,210,,2016-05-09 00:00:00,,CGL,,,,,,,,,,,,,,,,,,,,,,,,,,,,,,,,,,,,,,,,,,,,,,12.0,,,,,,2016,5
1901,161,211,,2016-05-11 00:00:00,,CGL,,,,,,,,,,,,,,,,,,,,,,,,,,,,,,,,,,,,,,,,,,,,,,10.0,,,,,,2016,5
1902,162,212,,2016-06-08 00:00:00,,CGL,,,,,,,,,,,,,,,,,,,,,,,,,,,,,,,,,,,,,,,,,,,,,,6.0,,,,,,2016,6
1903,163,213,,2016-06-16 00:00:00,,CGL,,,,,,,,,,,,,,,,,,,,,,,,,,,,,,,,,,,,,,,,,,,,,,5.0,,,,,,2016,6
1904,164,214,,2016-06-27 00:00:00,,CGL,,,,,,,,,,,,,,,,,,,,,,,,,,,,,,,,,,,,,,,,,,,,,,10.0,,,,,,2016,6
1905,165,215,,2016-06-30 00:00:00,,CGL,,,,,,,,,,,,,,,,,,,,,,,,,,,,,,,,,,,,,,,,,,,,,,4.0,,,,,,2016,6
1906,166,216,,2016-07-20 00:00:00,,CGL,,,,,,,,,,,,,,,,,,,,,,,,,,,,,,,,,,,,,,,,,,,,,,4.0,,,,,,2016,7
1907,167,217,,2016-08-25 00:00:00,,CGL,,,,,,,,,,,,,,,,,,,,,,,,,,,,,,,,,,,,,,,,,,,,,,8.0,,,,,,2016,8
1908,168,218,,2016-09-20 00:00:00,,CGL,,,,,,,,,,,,,,,,,,,,,,,,,,,,,,,,,,,,,,,,,,,,,,12.0,,,,,,2016,9
1909,169,219,,2016-09-23 00:00:00,,CGL,,,,,,,,,,,,,,,,,,,,,,,,,,,,,,,,,,,,,,,,,,,,,,12.0,,,,,,2016,9
1910,170,220,,2016-10-17 00:00:00,,CGL,,,,,,,,,,,,,,,,,,,,,,,,,,,,,,,,,,,,,,,,,,,,,,16.0,,,,,,2016,10
1911,171,221,,2016-10-24 00:00:00,,CGL,,,,,,,,,,,,,,,,,,,,,,,,,,,,,,,,,,,,,,,,,,,,,,4.0,,,,,,2016,10
1912,172,225,,2017-03-09 00:00:00,,CGL,,,,,,,,,,,,,,,,,,,,,,,,,,,,,,,,,,,,,,,,,,,,,,16.0,,,,,,2017,3
1913,173,226,,2017-03-31 00:00:00,,CGL,,,,,,,,,,,,,,,,,,,,,,,,,,,,,,,,,,,,,,,,,,,,,,10.0,,,,,,2017,3
1914,174,227,,2017-04-07 00:00:00,,CGL,,,,,,,,,,,,,,,,,,,,,,,,,,,,,,,,,,,,,,,,,,,,,,22.0,,,,,,2017,4
1915,175,228,,2017-05-15 00:00:00,,CGL,,,,,,,,,,,,,,,,,,,,,,,,,,,,,,,,,,,,,,,,,,,,,,27.0,,,,,,2017,5
1916,176,229,,2017-05-22 00:00:00,,CGL,,,,,,,,,,,,,,,,,,,,,,,,,,,,,,,,,,,,,,,,,,,,,,27.0,,,,,,2017,5
1917,177,230,,2017-06-18 00:00:00,,CGL,,,,,,,,,,,,,,,,,,,,,,,,,,,,,,,,,,,,,,,,,,,,,,10.0,,,,,,2017,6
1918,178,231,,2017-07-05 00:00:00,,CGL,,,,,,,,,,,,,,,,,,,,,,,,,,,,,,,,,,,,,,,,,,,,,,4.0,,,,,,2017,7
1919,179,232,,2017-08-12 00:00:00,,CGL,,,,,,,,,,,,,,,,,,,,,,,,,,,,,,,,,,,,,,,,,,,,,,7.0,,,,,,2017,8
1920,180,233,,2017-08-12 00:00:00,,CGL,,,,,,,,,,,,,,,,,,,,,,,,,,,,,,,,,,,,,,,,,,,,,,12.0,,,,,,2017,8
1921,181,234,,2017-08-29 00:00:00,,CGL,,,,,,,,,,,,,,,,,,,,,,,,,,,,,,,,,,,,,,,,,,,,,,11.0,,,,,,2017,8
1922,182,235,,2017-10-13 00:00:00,,CGL,,,,,,,,,,,,,,,,,,,,,,,,,,,,,,,,,,,,,,,,,,,,,,15.0,,,,,,2017,10
1923,183,236,,2017-10-19 00:00:00,,CGL,,,,,,,,,,,,,,,,,,,,,,,,,,,,,,,,,,,,,,,,,,,,,,10.0,,,,,,2017,10
1924,184,237,,2017-11-20 00:00:00,,CGL,,,,,,,,,,,,,,,,,,,,,,,,,,,,,,,,,,,,,,,,,,,,,,13.0,,,,,,2017,11
1925,185,238,,2017-11-30 00:00:00,,CGL,,,,,,,,,,,,,,,,,,,,,,,,,,,,,,,,,,,,,,,,,,,,,,9.0,,,,,,2017,11
1926,186,239,,2017-12-13 00:00:00,,CGL,,,,,,,,,,,,,,,,,,,,,,,,,,,,,,,,,,,,,,,,,,,,,,8.0,,,,,,2017,12
1927,187,240,,2017-12-19 00:00:00,,CGL,,,,,,,,,,,,,,,,,,,,,,,,,,,,,,,,,,,,,,,,,,,,,,20.0,,,,,,2017,12
1928,188,241,,2018-01-08 00:00:00,,CGL,,,,,,,,,,,,,,,,,,,,,,,,,,,,,,,,,,,,,,,,,,,,,,12.0,,,,,,2018,1
1929,189,242,,2018-01-12 00:00:00,,CGL,,,,,,,,,,,,,,,,,,,,,,,,,,,,,,,,,,,,,,,,,,,,,,5.0,,,,,,2018,1
1930,190,243,,2018-01-18 00:00:00,,CGL,,,,,,,,,,,,,,,,,,,,,,,,,,,,,,,,,,,,,,,,,,,,,,8.0,,,,,,2018,1
1931,191,244,,2018-01-26 00:00:00,,CGL,,,,,,,,,,,,,,,,,,,,,,,,,,,,,,,,,,,,,,,,,,,,,,15.0,,,,,,2018,1
1932,192,245,,2018-01-30 00:00:00,,CGL,,,,,,,,,,,,,,,,,,,,,,,,,,,,,,,,,,,,,,,,,,,,,,17.0,,,,,,2018,1
1933,193,246,,2018-02-15 00:00:00,,CGL,,,,,,,,,,,,,,,,,,,,,,,,,,,,,,,,,,,,,,,,,,,,,,10.0,,,,,,2018,2
1934,194,247,,2018-02-19 00:00:00,,CGL,,,,,,,,,,,,,,,,,,,,,,,,,,,,,,,,,,,,,,,,,,,,,,8.0,,,,,,2018,2
1935,195,248,,2018-03-06 00:00:00,,CGL,,,,,,,,,,,,,,,,,,,,,,,,,,,,,,,,,,,,,,,,,,,,,,10.0,,,,,,2018,3
1936,196,249,,2018-03-28 00:00:00,,CGL,,,,,,,,,,,,,,,,,,,,,,,,,,,,,,,,,,,,,,,,,,,,,,15.0,,,,,,2018,3
