Old_CaptureID,AnimalID,Capture_ID,Necropsy_ID,Necropsy result,MislabeledID,HistoID,Year,Month,Day,Time,Troop,Capt/Necrop,Necropsy,Statpak,RTStatus,RTsample,HistoStatus,HistoStage,Clinical Status,Macro Status,6,DPPVetTB Status,MAPIA Status,Sex,AgeClass,CauseOfDeath,Opportunistic?,Prosector/Assistants,ProvisionalDiagnosis,"Macro (0, no. 1, yes)",Histo,TB signs either macro or histo,"Nose lesions? (o, no. 1, yes)","Skin lesions? (0, no. 1, yes)",Testicular Abnormality,Ear_Tag,Radio_Collar,Notes
cch0006291200,M9/7,,M9/7,,,,2000,6,29,1200,CCH,Necropsy,1,,,,Positive,,Yes,Yes,,,,Female,Adult,TB,,Alexander,TB first case,1,1,1,NP,NP,NP,,,
cch0007101200,M10/8,,M10/8,,,,2000,7,10,1200,CCH,Necropsy,1,,,,Positive,,Yes,Yes,,,,Female,Adult,Other,,,,1,1,1,NP,NP,NP,,,
cch0008131200,2275,,2275,,,,2000,8,13,1200,CCH,Necropsy,1,,,,Positive,,Yes,Yes,,,,Male,Adult,Other,,,,1,1,1,NP,NP,NP,,,
cgl0009091200,2377,,2377,,,,2000,9,9,1200,CGL,Necropsy,1,,,,Positive,,Yes,Yes,,,,Female,Adult,Other,,,,1,1,1,NP,NP,NP,,,
csl0008311200,2344,,2344,,,,2000,8,31,1200,CSL,Necropsy,1,,,,Positive,,Yes,Yes,,,,Male,Adult,Other,,,,1,1,1,,,,not visible,,
mow0009111200,2390,,2390,,,,2000,9,11,1200,MOW,Necropsy,1,,,,Positive,,Yes,Yes,,,,Female,Adult,Other,,,,1,1,1,NP,NP,NP,,,
mow0009121200,2391,,2391,,,,2000,9,12,1200,MOW,Necropsy,1,,,,Positive,,Yes,Yes,,,,Male,Adult,Other,,,,1,1,1,NP,NP,NP,,,
cgl0205021200,M2.02,,M2.02,,,S1034.08,2002,5,2,1200,CGL,Necropsy,1,,,,Positive,,Yes,yes,,,,Female,Adult,Other,,,,1,1,1,,,,,,
cgl0205021201,M3.02,,M3.02,,,S1041.08,2002,5,2,1201,CGL,Necropsy,1,,,,Positive,,Yes,Yes,,,,Male,Adult,Other,,,,1,1,1,,,,,,
cgl0205021202,M4.02,,M4.02,,,S1040.08,2002,5,2,1202,CGL,Necropsy,1,,,,Unknown,,Yes,Yes,,,,Male,Adult,Other,,,,1,,1,,,,,,
cgl0205051200,M1.02,,M1.02,,,S1038.08,2002,5,5,1200,CGL,Necropsy,1,,,,Unknown,,Yes,Yes,,,,Male,Adult,Other,,,,1,,1,,,,,,
cgl0208021200,M5.02,,M5.02,,,S1039.08,2002,8,2,1200,CGL,Necropsy,1,,,,Unknown,,Yes,Yes,,,,Male,Adult,Other,,,,1,,1,,,,,,
cgl0208021201,M6.02,,M6.02,,,S1035.08,2002,8,2,1201,CGL,Necropsy,1,,,,Unknown,,Yes,Yes,,,,Female,Adult,Other,,,,1,,1,,,,,,
csl0210311200,bm0102,,bm0102,,,,2002,10,31,1200,CSL,Necropsy,1,,,,Positive,,Yes,Yes,,,,Female,Adult,TB,No,K Alexander NVL histology,"Mycobacterium tuberculosis, confirmed NVL positive on histopathology",1,1,1,NP,NP,NA,,,
cch0306011200,BM2.03,correctly labeled duplicate of BM0102?,BM2.03,TB,,S1037.08,2003,6,1,1200,CCH,Necropsy,1,,,,Positive,,yes,Yes,,,,Female,Adult,TB,No,K Alexander,M. tuberculosis,1,1,1,0,0,NA,,,
cch0409161200,bm0204,,bm0204,TB,,S1036.08,2004,9,16,1200,CCH,Necropsy,1,,,,Positive,,Yes,Yes,,,,Male,Adult,TB,No,K Alexander,M. tuberculosis,1,1,1,0,0,0,,,
cch0712120743,bm0607,bm0607,,,,,2007,12,12,743,CCH,Capture,,,Negative,Plasma,,,,,,,,Male,Adult,,,,,,,,,,,,,
cch0712221200,bm0607,,bm0707,,,S880.08,2007,12,22,1200,CCH,Necropsy,1,,,,Negative,,No,Yes,,,,Male,Adult,Other,Yes,"Alexander, La Grange",Strangulation: Animal was heavily infected with worms over 150 worms in intestine with two 11cm tape worms and tracheal worms. Lesions suspicious with early stage TB but ZN stain negative.,1,0,1,,,,,,Strangulation (tree)
cch0712271200,bm0707,bm0707,,,,S880.08,2007,12,27,947,CCH,Capture,,,,,Negative,,,,,,,Female,,,,,,,,,,,,,,
csl0711221200,bm0207,,bm0207,No TB,,S878.08,2007,11,22,1200,CSL,Necropsy,1,,Negative,Plasma,Negative,,No,Unknown,,,,Female,Adult,Roadkill,Yes,K Alexander,,0,,,0,0,NA,,,
csl0712011120,bm0307,bm0307,,,,,2007,12,1,1120,CSL,Capture,,,Negative,Serum,,,,,,,,Male,Adult,,,,,,,,,,,,,
csl0712011223,bm0407,bm0407,,,,,2007,12,1,1223,CSL,Capture,,,Negative,Serum,,,,,,,,Male,Adult,,,,,,,,,,,,,
csl0712011304,bm0507,bm0507,,,,,2007,12,1,1304,CSL,Capture,,,Negative,Serum,,,,,,,,Male,Adult,,,,,,,,,,,,,
ngo0712291200,bm0807,,bm0807,,,S881/08,2007,12,29,1200,NGO,Necropsy,1,,,,Negative,,No,Unknown,,,,Female,Sub-adult,Roadkill,Yes,"La Grange, Alexander",,0,,,0,0,NA,,,
see0711301200,bm0107,,bm0107,No TB,,S879/08,2007,11,30,1200,SEE,Necropsy,1,,,,Negative,,No,No,,,,Female,Adult,Roadkill,Yes,"Alexander, Laver","Normal, HBC exception abscess at pyloric sphincter.",0,,,0,0,NA,,,
cch0801080703,bm0908,bm0908,,,,,2008,1,8,703,CCH,Capture,,,Negative,Serum,,,,,,,,Female,Adult,,,,,,,,,,,,,
cch0801080713,bm1208,bm1208,,,,,2008,1,8,1713,CCH,Capture,,,,,,,,,,,,Female,Juvenile,,,,,,,,,,,,,
cch0801080714,bm1108,bm1108,,,,,2008,1,8,714,CCH,Capture,,,,,,,,,,,,Female,Juvenile,,,,,,,,,,,,,
cch0807011029,bm0908,,none,,,,2008,7,1,1029,CCH,Reported death,,,,,,,Unknown,Unknown,,,,Female,Adult,Predation,Yes,Laver,,,,,,,,,,
cch0807031116,bm3408b,bm3408b,,,,,2008,7,3,1116,CCH,Capture,,Negative,,,,,,,,Negative,Negative,Male,Adult,,,,,,,,,,,,,
cch0810291645,bm3408b,,none,,,,2008,10,29,1645,CCH,Reported death,,,,,,,Unknown,Unknown,,,,Male,Adult,Other,Yes,P Laver,,,,,,,,,,
cch0811261706,bm6808,bm6808,,,,,2008,11,26,1706,CCH,Capture,,,,,,,,,,,,Female,Adult,,,,,,,,,,,,,
cgl0805231015,bm2508,bm2508,,,,,2008,5,23,1015,CGL,Capture,,Positive,+++,Serum,,,,,,Positive,Positive,Female,Adult,,,,,,,,,,,,,
cgl0805231017,bm2408,bm2408,,,,,2008,5,23,1017,CGL,Capture,,Negative,Negative,Serum,,,,,,Negative,Negative,Female,Adult,,,,,,,,,,,,,
cgl0805231205,bm2608,bm2608,,,,,2008,5,23,1205,CGL,Capture,,,,,,,,,,,,,,,,,,,,,,,,,,
cgl0805251200,bm2708,,bm2708,,,S2933/08,2008,5,25,1200,CGL,Necropsy,1,Negative,Negative,Serum,Positive,Early,Yes,Yes,,,,Female,Adult,TB,No,Alexander,"Early stage tuberculosis. Previous cases (this outbreak (BM2908) have identified nasal involvement at the “early” stages with significant erosion, although I have not observed this.",1,1,1,0,0,NA,,,
cgl0806201200,bm3308,,bm3308,,,S3004/08,2008,6,20,1200,CGL,Necropsy,1,Positive,,,Positive,Intermediate,Yes,Yes,,Positive,Positive,Male,Adult,TB,No,Alexander,Early stage TB from respiratory exposure.,1,1,1,0,0,,,,
cgl0806301200,bm3408,,bm3408,,,S2934/08,2008,6,30,1200,CGL,Necropsy,1,,,,Negative,,No,Yes,,,,Female,Sub-adult,Other,Yes,Alexander,"Traumatic injury, underlying TB infection",1,,1,0,1,NA,,,
cgl0807081200,bm3508,,bm3508,,,S3212/08,2008,7,8,1200,CGL,Necropsy,1,Negative,Negative,Serum,Negative,,No,No,,,,Male,Adult,Other,Yes,Alexander,,0,,,0,0,0,,,
cgl0807081201,bm3608,,bm3608,,,S3213/08,2008,7,8,1201,CGL,Necropsy,1,Negative,Negative,Serum,Negative,,No,Yes,,,,Female,Adult,Other,Yes,Alexander,Early stage M. tuberculosis,0,,,0,0,NA,,,
cgl0807101200,bm3708,,bm3708,,,S3233/08,2008,7,10,1200,CGL,Necropsy,1,Positive,+++,Serum,Positive,Early,Yes,Yes,,,,Female,Adult,TB,No,Alexander,,1,1,1,1,0,NA,,,
cgl0807191200,bm3808,,bm3808,,,S3294/08,2008,7,19,1200,CGL,Necropsy,1,Positive,+++,Serum,Positive,Advanced,Yes,Yes,,,,Male,Unknown,TB,No,Alexander,Provisional diagnosis: Mycobacterium tuberculosis,1,1,1,1,0,1,,,
cgl0807191201,bm2508,,bm3908,,,S3295/08,2008,7,19,1201,CGL,Necropsy,1,positive,,,Positive,Intermediate,Yes,Yes,,,,Female,Adult,TB,No,Alexander,Disseminated tuberculosis,1,1,1,,,NA,,,
cgl0808061200,bm4008,bm4008,,,,,2008,8,6,1200,CGL,Capture,,,,,,,,,,,,,Juvenile,,,,,,,,,,,,,
cgl0808061201,bm4408,,bm4408,,,S3350/08,2008,8,6,1200,CGL,Necropsy,1,,Negative,Plasma,Negative,,Yes,Yes,,,,Female,Sub-adult,TB,No,Alexander,Early M. tb infection,1,,1,0,0,NA,,,
cgl0808061524,bm4108,bm4108,,,,,2008,8,6,1524,CGL,Capture,,,Negative,Plasma,,,,,,,,Female,Adult,,,,,,,,,,,,,
cgl0808061629,bm4208,bm4208,,,,,2008,8,6,1629,CGL,Capture,,,,,,,,,,,,Female,Sub-adult,,,,,,,,,,,,,
cgl0808061632,bm4308,bm4308,,,,,2008,8,6,1632,CGL,Capture,,,,,,,,,,,,Male,Adult,,,,,,,,,,,,,
cgl0808061700,bm4408,bm4408,,,,,2008,8,6,1700,CGL,Capture,,,Negative,Plasma,,,,,,,,Female,,,,,,,,,,,,,,
cgl0808061710,bm4508,bm4508,,,,,2008,8,6,1710,CGL,Capture,,,,,,,,,,,,Female,,,,,,,,,,,,,,
cgl0808061727,bm4608,bm4608,,,,,2008,8,6,1727,CGL,Capture,,,,,,,,,,,,Male,Sub-adult,,,,,,,,,,,,,
csl0808081352,bm4708,bm4708,,,,,2008,8,8,1352,CSL,Capture,,Negative,Negative,Serum,,,,,,,,Male,,,,,,,,,,,,,,
csl0808081356,bm4808,bm4808,,,,,2008,8,8,1356,CSL,Capture,,Negative,Negative,Serum,,,,,,,,Male,Adult,,,,,,,,,,,,,
csl0808081405,bm4908,bm4908,,,,,2008,8,8,1405,CSL,Capture,,,Negative,Serum,,,,,,,,Female,Adult,,,,,,,,,,,,,
csl0808081428,bm0507,bm5008,,,,,2008,8,8,1428,CSL,Capture,,,,,,,,,,,,Male,Adult,,,,,,,,,,,,,
csl0808081432,bm5108,bm5108,,,,,2008,8,8,1432,CSL,Capture,,,,,,,,,,,,Male,Adult,,,,,,,,,,,,,
csl0808081450,bm5208,bm5208,,,,,2008,8,8,1450,CSL,Capture,,,,,,,,,,,,Male,Sub-adult,,,,,,,,,,,,,
csl0808081519,bm5308,bm5308,,,,,2008,8,8,1519,CSL,Capture,,,Negative,Serum,,,,,,,,Female,Sub-adult,,,,,,,,,,,,,
csl0808081603,bm5508,bm5508,,,,,2008,8,8,1603,CSL,Capture,,,Negative,Serum,,,,,,,,Female,Sub-adult,,,,,,,,,,,,,
csl0808081604,bm5408,bm5408,,,,,2008,8,8,1604,CSL,Capture,,Negative,Negative,Plasma,,,,,,,,Female,Sub-adult,,,,,,,,,,,,,
csl0808081605,bm5608,bm5608,,,,,2008,8,8,1605,CSL,Capture,,,Negative,Plasma,,,,,,,,Male,Sub-adult,,,,,,,,,,,,,
csl0808281200,bm4708,,bm4708,,,S3351/08,2008,8,28,1200,CSL,Necropsy,1,Negative,,,Positive,Intermediate,Yes,Yes,,,,Male,Adult,TB,No,Alexander,Early tuberculosis with t associated epididymo-orchitis (TBEO),1,1,1,,1,1,,,
csl0811271200,bm8008,bm8008,,,,,2008,11,27,1200,CSL,Capture,,Negative,,,,,,,,Negative,Negative,Female,Adult,,,,,,,,,,,,,
csl0812261200,bm7708,bm7708,,,,,2008,12,26,1200,CSL,Capture,,Negative,,,,,,,,Negative,Negative,Female,Adult,,,,,,,,,,,,,
csl0812261214,bm7808,bm7808,,,,,2008,12,26,1214,CSL,Capture,,Negative,,,,,,,,Negative,Negative,Male,Adult,,,,,,,,,,,,,
csl0812261301,bm7708,bm7708,,,,,2008,12,26,1301,CSL,Capture,,Negative,,,,,,,,Negative,Negative,Male,Adult,,,,,,,,,,,,,
csp0812170950,bm7008,bm7008,,,,,2008,12,17,950,CSP,Capture,,Negative,,,,,,,,Negative,Negative,Female,,,,,,,,,,,,,,
csp0812171040,bm7108,bm7108,,,,,2008,12,17,1040,CSP,Capture,,Negative,,,,,,,,Negative,Negative,Male,,,,,,,,,,,,,,
csp0812171155,bm7308,bm7308,,,,,2008,12,17,1155,CSP,Capture,,Negative,,,,,,,,Negative,Negative,Male,,,,,,,,,,,,,,
csp0812171156,bm7208,bm7208,,,,,2008,12,17,1156,CSP,Capture,,Negative,,,,,,,,Negative,Negative,Male,,,,,,,,,,,,,,
evl0809160805,bm6708,bm6708,,,,,2008,9,16,805,EVL,Capture,,,,,,,,,,,,Male,Adult,,,,,,,,,,,,,
evl0812221200,bm7408,,bm7408,,,,2008,12,22,1200,EVL,Necropsy,1,Negative,,,Positive,,Yes,Yes,,Negative,Negative,Male,Adult,TB,No,K Alexander,Early tuberculosis.,1,1,1,1,1,,,,
hip0806131358,bm3108,bm3108,,,,,2008,6,13,1358,HIP,Capture,,,Negative,Plasma,,,,,,,,Male,Adult,,,,,,,,,,,,,
hip0806131412,bm3208,bm3208,,,,,2008,6,13,1412,HIP,Capture,,,,,,,,,,,,Male,Adult,,,,,,,,,,,,,
kub0801151145,bm1408,bm1408,,,,,2008,1,15,1145,KUB,Capture,,Negative,,,,,,,,Negative,Negative,Male,Adult,,,,,,,,,,,,,
kub0801151150,bm1508,bm1508,,,,,2008,1,15,1150,KUB,Capture,,,,,,,,,,,,Male,Adult,,,,,,,,,,,,,
kub0805021700,bm1908,,bm1908,,,S2896/08,2008,5,2,1700,KUB,Necropsy,1,,,,Negative,,,,,,,Male,Sub-adult,Predation,Yes,J la Grange,Dog broke the animal's back.,0,,,0,0,0,,,
kub0806091600,none,,none,,,,2008,6,9,1600,KUB,Reported death,,,,,,,Unknown,Unknown,,,,,,Other,,P Laver,,,,,,,,,,
kub0806091617,bm3008,bm3008,,,,,2008,6,9,1617,KUB,Capture,,,,,,,,,,,,Male,Adult,,,,,,,,,,,,,
kub0808200915,bm5708,bm5708,,,,,2008,8,20,915,KUB,Capture,,,Negative,Plasma,,,,,,,,Female,,,,,,,,,,,,,,
kub0808200946,bm5808,bm5808,,,,,2008,8,20,946,KUB,Capture,,,,,,,,,,,,Male,Adult,,,,,,,,,,,,,
kub0808201010,bm6008,bm6008,,,,,2008,8,20,1010,KUB,Capture,,,,,,,,,,,,Female,Sub-adult,,,,,,,,,,,,,
kub0808201045,bm5908,bm5908,,,,,2008,8,20,1045,KUB,Capture,,Negative,Negative,Plasma,,,,,,Negative,Negative,Female,Adult,,,,,,,,,,,,,
kub0808201116,bm6308,bm6308,,,,,2008,8,20,1116,KUB,Capture,,,Negative,Plasma,,,,,,,,Female,Sub-adult,,,,,,,,,,,,,
kub0808201117,bm6208,bm6208,,,,,2008,8,20,1117,KUB,Capture,,,Negative,Plasma,,,,,,,,Female,Sub-adult,,,,,,,,,,,,,
kub0808201151,bm6408,bm6408,,,,,2008,8,20,1151,KUB,Capture,,,Negative,Plasma,,,,,,,,Male,Sub-adult,,,,,,,,,,,,,
kub0808201155,bm6508,bm6508,,,,,2008,8,20,1155,KUB,Capture,,,Negative,Plasma,,,,,,,,Female,Sub-adult,,,,,,,,,,,,,
kub0808201200,bm6608,bm6608,,,,,2008,8,20,1200,KUB,Capture,,,Negative,Plasma,,,,,,,,Male,Sub-adult,,,,,,,,,,,,,
kub0808201256,bm6108,bm6108,,,,,2008,8,20,1256,KUB,Capture,,,,,,,,,,,,Female,Sub-adult,,,,,,,,,,,,,
kub0812171040,none,,none,,,,2008,12,17,1040,KUB,Reported death,,,,,,,Unknown,Unknown,,,,,Juvenile,Other,,P Laver,,,,,,,,,,
kub0812171041,none,,none,,,,2008,12,17,1041,KUB,Reported death,,,,,,,Unknown,Unknown,,,,,,Other,,P Laver,,,,,,,,,,
kub0812171042,none,,none,,,,2008,12,17,1042,KUB,Reported death,,,,,,,Unknown,Unknown,,,,,Juvenile,Other,,P Laver,,,,,,,,,,
kub0812171043,none,,none,,,,2008,12,17,1043,KUB,Reported death,,,,,,,Unknown,Unknown,,,,,Juvenile,Other,,P Laver,,,,,,,,,,
kub0812171044,none,,none,,,,2008,12,17,1044,KUB,Reported death,,,,,,,Unknown,Unknown,,,,,Juvenile,Other,,P Laver,,,,,,,,,,
mow0801281528,bm1708,bm1708,,,,,2008,1,28,1528,MOW,Capture,,,,,,,,,,,,Male,Adult,,,,,,,,,,,,,
mow0801281530,bm1808,bm1808,,,,,2008,1,28,1530,MOW,Capture,,,,,,,,,,,,Male,Adult,,,,,,,,,,,,,
mow0805131441,bm2008,bm2008,,,,,2008,5,13,1441,MOW,Capture,,,,,,,,,,,,Female,Sub-adult,,,,,,,,,,,,,
mow0805140828,bm2108,bm2108,,,,,2008,5,14,828,MOW,Capture,,Positive,+++,Plasma,,,,,,,,Male,Adult,,,,,,,,,,,,,
mow0805141223,bm2208,bm2208,,,,,2008,5,14,1223,MOW,Capture,,,Negative,Plasma,,,,,,,,Female,Sub-adult,,,,,,,,,,,,,
mow0805201200,bm2308,,bm2308,,,S2897/08,2008,5,20,1635,MOW,Necropsy,1,Positive,+++,Serum,Positive,Advanced,Yes,Yes,,,,Male,Sub-adult,TB,No,K Alexander,Disseminated Mycobacterium tuberculosis,1,1,1,0,0,0,,,
mow0805271100,bm2108,bm2808,,,,,2008,5,27,1100,MOW,Capture,,,,,,,,,,,,Male,Adult,,,,,,,,,,,,,
mow0805271200,bm1708,,bm2908,,,S3005/08,2008,5,27,1200,MOW,Necropsy,1,,,,Positive,Early,Yes,Yes,,,,Male,Adult,TB,No,"Alexander, Laver",Mycobacterium tuberculosis,1,1,1,1,1,0,,,
mow0812221430,bm2108,bm7508,,,,,2008,12,22,1430,MOW,Capture,,Positive,,,,,,,,Positive,Positive,Male,,,,,,,,,,,,,,
mow0812221517,bm7708,bm7708,,,,,2008,12,22,1517,MOW,Capture,,Negative,,,,,,,,,,,,,,,,,,,,,,,,
mow0812221518,bm7608,bm7608,,,,,2008,12,22,1518,MOW,Capture,,Positive,,,,,,,,Positive,Positive,Female,Adult,,,,,,,,,,,,,
trs0801101724,bm1008,bm1008,,,,,2008,1,10,1724,TRS,Capture,,,Negative,Plasma,,,,,,,,Female,Sub-adult,,,,,,,,,,,,,
trs0801141703,bm1308,bm1308,,,,,2008,1,14,1703,TRS,Capture,,Negative,,,,,,,,Negative,Negative,Male,Sub-adult,,,,,,,,,,,,,
trs0801221502,bm1608,bm1608,,,,,2008,1,22,1502,TRS,Capture,,Positive,Positive,Plasma,,,,,,,,Male,Adult,,,,,,,,,,,,,
trs0810250800,none,,none,,,,2008,10,25,800,TRS,Reported death,,,,,,,Yes,Unknown,,,,,,Other,,P Laver,,,,,,,,,,
trs0811281819,bm6908,bm6908,,,,,2008,11,28,1819,TRS,Capture,,,,,,,,,,,,Male,Adult,,,,,,,,,,,,,
trs0812281400,bm6908,,none,,,,2008,12,28,1400,TRS,Reported death,,,,,,,Yes,Unknown,,,,Male,Adult,Other,,P Laver,,,,,,,,,,
air0903301845,bm8109,,bm8109,,bm0209,,2009,3,30,1845,AIR,Necropsy,1,,,,,,No,Yes,,,,Female,Adult,Roadkill,Yes,P Laver,Possible early stage tuberculosis.,1,,1,0,0,NA,,,
cch0906151715,bm8609,bm8609,,,bm0409,,2009,6,15,1715,CCH,Capture,,Negative,,,,,,,,Negative,Negative,Male,,,,,,,,,,,,,,
cch0906151720,bm8709,bm8709,,,,,2009,6,15,1720,CCH,Capture,,,,,,,,,,,,Male,,,,,,,,,,,,,,
cch0910241240,bm10109,,bm10109,,,,2009,10,24,1240,CCH,Necropsy,1,Positive,,,,,Yes,Yes,,Positive,Positive,Male,Adult,TB,No,P Laver,Late stage tuberculosis,1,,1,0,1,0,,,
cgl0910141132,bm9909,,bm9909,,,,2009,10,14,1132,CGL,Necropsy,1,Positive,,,Positive,,Yes,Yes,,Positive,Positive,Female,Sub-adult,TB,No,P Laver,Fulminating TB,1,1,1,1,1,NA,,,
cgl0911191500,bm4108,bm10309,,,,,2009,11,19,1500,CGL,Capture,,Negative,,,,,,,,Negative,Negative,Female,Adult,,,,,,,,,,,,,
cgl0912191500,bm10709,,bm10709,,,,2009,12,19,1500,CGL,Necropsy,1,Negative,,,,,Unknown,Yes,,Negative,Negative,Female,Sub-adult,Other,No,"K Alexander, P Laver",Possible early stage TB,1,,1,1,0,NA,,,
cgl0912191600,bm10609,,bm10609,,,,2009,12,19,1600,CGL,Necropsy,1,Negative,,,,,Unknown,Unknown,,Negative,Negative,Male,Adult,TB,No,"K Alexander, P Laver",possible early stage tuberculosis,1,,1,0,0,1,,,
cgl0912211630,bm10809,,bm10809,,,,2009,12,21,1630,CGL,Necropsy,1,Negative,,,,,No,No,,Negative,Negative,Male,Adult,Other,No,K Alexander & P Laver,.,0,,,1,0,0,,,
csl0905181200,bm8509,,bm8509,,bm0609,,2009,5,18,1200,CSL,Necropsy,1,,,,,,No,Yes,,,,Female,Sub-adult,Predation,Yes,Pete Laver,,0,,,0,0,NA,,,
csl0906181229,bm8909,bm8909,,,,,2009,6,18,1229,CSL,Capture,,,,,,,,,,,,Male,Sub-adult,,,,,,,,,,,,,
csl0906251000,bm9109,,bm9109,,,,2009,6,25,1000,CSL,Necropsy,1,Negative,,,,,No,Yes,,Negative,Negative,Male,Adult,Other,Yes,Kathy Alexander,,1,,1,0,0,0,,,
csl0909291000,bm9409,,bm9409,,,,2009,9,29,1000,CSL,Necropsy,1,Negative,,,negative,,No,Yes,,Negative,Negative,Female,Sub-adult,Roadkill,Yes,Laver,Possible early stages of tuberculous lesions in the liver.,0,,,,,NA,,,
csl0910130645,bm9809,bm9809,,,,,2009,10,13,645,CSL,Capture,,,,,,,,,,,,Male,Sub-adult,,,,,,,,,,,,,
csl0911210800,bm10409,,bm10409,,,,2009,11,21,800,CSL,Necropsy,1,Positive,,,,,No,No,,Positive,Positive,Male,Adult,Roadkill,Yes,K Alexander,.,0,,,0,1,0,,,
evl0903290630,none,,none,,,,2009,3,29,630,EVL,Reported death,,,,,,,Unknown,,,,,,,Predation,,,,,,,,,,,,
evl0903300800,none,,none,,,,2009,3,30,800,EVL,Reported death,,,,,,,Unknown,,,,,,,Predation,,,,,,,,,,,,
evl0903300805,none,,none,,,,2009,3,30,805,EVL,Reported death,,,,,,,Unknown,,,,,,,Predation,,,,,,,,,,,,
fer0912010800,none,,none,,,,2009,12,1,800,FER,Reported death,,,,,,,Unknown,,,,,,Adult,Predation,,,,,,,,,,,,
hip0910300830,bm10209,bm10209,,,,,2009,10,30,830,HIP,Capture,,,,,,,,,,,,Male,Adult,,,,,,,,,,,,,
kaz0906161200,bm8809,,bm8809,,,,2009,6,16,1200,KAZ,Necropsy,1,Negative,,,Positive,,Yes,Yes,,Negative,Negative,Male,Unknown,TB,No,P Laver and S Yopp and K Alexander,,1,1,1,,,,no report,,
kaz0909250650,bm9309,bm9309,,,,,2009,9,25,650,KAZ,Capture,,,,,,,,,,,,Male,Sub-adult,,,,,,,,,,,,,
kub0903041721,none,,none,,,,2009,3,4,1721,KUB,Reported death,,,,,,,Unknown,Unknown,,,,,Juvenile,Other,,P Laver,,,,,,,,,,
kub0904271047,bm3008,,none,,,,2009,4,27,1047,KUB,Reported death,,,,,,,Unknown,Unknown,,,,Male,Adult,Other,,P Laver,,,,,,,,,,
kub0904280736,bm8209,bm8209,,,bm0309,,2009,4,28,736,KUB,Capture,,,,,,,,,,,,Male,Adult,,,,,,,,,,,,,
kub0908240950,bm5808,,,,,,2009,8,24,950,KUB,Necropsy,1,,,,,,No,No,,,,Male,Adult,Other,Yes,P Laver,Shot by pellet gun.,0,,,,,,no report,,
kub0912071015,bm10509,,bm10509,,,,2009,12,7,1015,KUB,Necropsy,1,,,,,,No,Unknown,,,,Unknown,Juvenile,Predation,Yes,"P Laver, M Ramotadima",.,0,,,0,0,,Juvenil- attacked by dogs- not a full necropsy,,
mow0905131000,bm8409,,bm8409,,bm0509,,2009,5,13,1000,MOW,Necropsy,1,,,,,,No,Yes,,,,Female,Adult,Other,No,P Laver,"Early stage tuberculosis, with major trauma presumed to be associated with road accident.",1,,1,0,1,NA,,,
sef0910100640,bm9609,bm9609,,,,,2009,10,10,640,SEF,Capture,,Negative,,,,,,,,Negative,Negative,Female,Sub-adult,,,,,,,,,,,,,
sef0910100641,bm9709,,bm9709,,,,2009,10,10,640,SEF,Necropsy,1,Negative,,,,,Yes,Yes,,Negative,Negative,Male,Adult,TB,No,"Laver, Fairbanks",Underlying early TB infection (liver and spleen).  Clinical signs (swollen or inflamed lower jaw) not related to TB pathology.,1,,1,0,0,0,,,
sef0910220830,bm2108,,bm10009,,,,2009,10,22,830,SEF,Necropsy,1,,,,,,Yes,Unknown,,,,Male,Adult,Other,Yes,P Laver,"Although this animal tested positive on a Statpak in 2008/12, the animal did not present with clinical signs prior to death. Over the 6 month period between the latter capture and its first recorded capture, the animal did lose 6% of its body mass even th",1,,1,1,1,1,,,
sef0912271800,bm11009,,bm11009,,,,2009,12,27,1800,SEF,Necropsy,1,,,,,,Unknown,Yes,,,,Male,Adult,Roadkill,Yes,P Laver,early to mid stage tuberculosis,1,,1,0,1,1,,,
trs0901031000,none,,none,,,,2009,1,3,1000,TRS,Reported death,,,,,,,Unknown,Unknown,,,,,Juvenile,Predation,,P Laver,,,,,,,,,,
trs0901111000,none,,none,,,,2009,1,11,1100,TRS,Reported death,,,,,,,Unknown,Unknown,,,,,,Predation,,P Laver,,,,,,,,,,
trs0905120745,bm8309,bm8309,,,bm0409,,2009,5,12,745,TRS,Capture,,,,,,,,,,,,Male,Adult,,,,,,,,,,,,,
trs0905191200,none,,none,,,,2009,5,19,1200,TRS,Reported death,,,,,,,Unknown,Unknown,,,,,Sub-adult,Predation,,P Laver,,,,,,,,,,
trs0906221500,bm9009,bm9009,,,,,2009,6,22,1500,TRS,Capture,,Negative,,,,,,,,Negative,Negative,Male,Sub-adult,,,,,,,,,,,,,
trs0906221550,bm8909,bm8909,,,,,2009,6,22,1550,TRS,Capture,,Negative,,,,,,,,,,Male,Sub-adult,,,,,,,,,,,,,
trs0909220830,bm9209,,bm9209,,,,2009,9,22,830,TRS,Necropsy,1,Positive,,,Positive,,Yes,Yes,,,,Female,Sub-adult,Roadkill,Yes,P Laver and T Njonjo,TB,1,1,1,0,0,NA,,,
trs0910050600,bm8909,,bm9509,,,,2009,10,5,600,TRS,Necropsy,1,,,,,,Unknown,Unknown,,,,Male,Adult,Roadkill,Yes,Laver,.,0,,,0,0,0,,,
cch1002031240,bm11310,,bm11310,,,,2010,2,3,1240,CCH,Necropsy,1,Positive,,,Positive,,Yes,Yes,,Positive,Positive,Male,Adult,TB,No,P Laver,Fairly late stage tuberculosis,1,1,1,1,0,1,,,
cch1006081300,bm11910,bm11910,,,,,2010,6,8,1300,CCH,Capture,,,,,,,,,,,,Female,Adult,,,,,,,,,,,,,
cch1006081318,bm12010,bm12010,,,,,2010,6,8,1318,CCH,Capture,,,,,,,,,,,,Male,Sub-adult,,,,,,,,,,,,,
cch1006141727,bm12010,bm12010,,,,,2010,6,14,1727,CCH,Capture,,,,,,,,,,,,Female,Adult,,,,,,,,,,,,,
cch1008261600,bm12910,bm12910,,,,,2010,8,26,1600,CCH,Capture,,,,,,,,,,,,Female,Sub-adult,,,,,,,,,,,,,
cch1008261601,bm13010,bm13010,,,,,2010,8,26,1600,CCH,Capture,,,,,,,,,,,,Male,Sub-adult,,,,,,,,,,,,,
cch1008261602,bm12010,bm13110,,,,,2010,8,26,1600,CCH,Capture,,,,,,,,,,,,Female,Adult,,,,,,,,,,,,,
cch1009130950,bm14210,bm14210,,,,,2010,9,13,950,CCH,Capture,,,,,,,,,,,,Male,Sub-adult,,,,,,,,,,,,,
cch1009131020,bm14310,bm14310,,,,,2010,9,13,1020,CCH,Capture,,,,,,,,,,,,Male,Adult,,,,,,,,,,,,,
cch1009131120,bm14110,bm14110,,,,,2010,9,13,1120,CCH,Capture,,,,,,,,,,,,Male,Sub-adult,,,,,,,,,,,,,
cch1009131258,bm14510,bm14510,,,,,2010,9,13,1258,CCH,Capture,,,,,,,,,,,,Male,Adult,,,,,,,,,,,,,
cch1009131400,bm14410,bm14410,,,,,2010,9,13,1400,CCH,Capture,,,,,,,,,,,,Female,Sub-adult,,,,,,,,,,,,,
cch1009201137,bm14610,,bm14610,,,,2010,9,20,1137,CCH,Necropsy,1,,,,Positive,,Yes,Yes,,,,Male,Adult,TB,No,P Laver,Late stage tuberculosis,1,1,1,0,1,1,,,
cch1011251330,bm14510,,none,,,,2010,11,25,1330,CCH,Necropsy,1,,,,,,,,,,,,,Other,,,No REPORT,Unknown,,,,,,,,
cgl1005051515,bm11610,,bm11610,,,,2010,5,5,1515,CGL,Necropsy,1,Negative,,,,,No,Yes,,Negative,Negative,Male,Sub-adult,Other,Yes,P Laver,Possible early stage tuberculosis.,1,,1,0,0,0,,,
cgl1007111200,none,,none,,,,2010,7,11,1200,CGL,Reported death,,,,,,,Yes,,,,,,,Predation,,,,,,,,,,,,
cgl1008301116,bm13210,bm13210,,,,,2010,8,30,1116,CGL,Capture,,,,,,,,,,,,Female,Sub-adult,,,,,,,,,,,,,
cgl1008301205,bm13310,bm13310,,,,,2010,8,30,1205,CGL,Capture,,,,,,,,,,,,Female,Sub-adult,,,,,,,,,,,,,
cgl1008301310,bm13410,bm13410,,,,,2010,8,30,1310,CGL,Capture,,,,,,,,,,,,Male,Adult,,,,,,,,,,,,,
cgl1009081245,bm13710,bm13719,,,,,2010,9,8,1245,CGL,Capture,,,,,,,,,,,,Male,Sub-adult,,,,,,,,,,,,,
cgl1009081315,bm13810,bm13810,,,,,2010,9,8,1315,CGL,Capture,,,,,,,,,,,,Male,Adult,,,,,,,,,,,,,
cgl1009081402,bm13910,bm13910,,,,,2010,9,8,1402,CGL,Capture,,,,,,,,,,,,Male,Adult,,,,,,,,,,,,,
cgl1009081442,bm13510,bm13510,,,,,2010,9,8,1442,CGL,Capture,,,,,,,,,,,,Female,Adult,,,,,,,,,,,,,
cgl1009081518,bm13610,bm13610,,,,,2010,9,8,1518,CGL,Capture,,,,,,,,,,,,Male,Adult,,,,,,,,,,,,,
cgl1009081700,bm14010,bm13810,bm14010,,,,2010,9,8,1700,CGL,Necropsy,1,,,,,,No,Yes,,,,Male,Adult,Other,Yes,P Laver,earlys stage tuberculosis in the GIT.,0,,,0,1,0,,,
chi1011280800,bm15910,,bm15910,,,,2010,11,28,800,CHI,Necropsy,1,,,,,,Unknown,Yes,,,,Male,Adult,Predation,Yes,P Laver,Possible early stage tuberculosis that may be associated with a small intestine pathology where it broke through the abdominal wall.  LNs in the GIT all appear to be implicated based on size and discolouration.,0,,,0,0,0,,,
csl1002190905,bm11410,,bm11410,,,,2010,2,19,905,CSL,Necropsy,1,,,,,,Unknown,Yes,,,,Female,Adult,Roadkill,Yes,P Laver,early stage TB,0,,,0,0,NA,,,
csl1006211030,bm12310,,bm12310,,,,2010,6,21,1030,CSL,Necropsy,1,Negative,,,,,No,Yes,,Positive,Negative,Female,Sub-adult,Predation,Yes,"P Laver, A Dale, R Pesapane",early stage TB,1,,1,0,0,NA,,,
csl1010150723,bm14710,bm14710,,,,,2010,10,15,723,CSL,Capture,,,,,,,,,,,,Female,Adult,,,,,,,,,,,,,
csl1010150749,bm14810,bm14810,,,,,2010,10,15,749,CSL,Capture,,,,,,,,,,,,Female,Adult,,,,,,,,,,,,,
csl1010150816,bm14910,bm14910,,,,,2010,10,15,816,CSL,Capture,,,,,,,,,,,,Male,Adult,,,,,,,,,,,,,
csl1010150845,bm15010,bm15010,,,,,2010,10,15,845,CSL,Capture,,,,,,,,,,,,Male,Adult,,,,,,,,,,,,,
csl1010150912,bm15110,bm15110,,,,,2010,10,15,912,CSL,Capture,,,,,,,,,,,,Male,Adult,,,,,,,,,,,,,
csl1010150935,bm15210,bm15210,,,,,2010,10,15,935,CSL,Capture,,,,,,,,,,,,Female,Adult,,,,,,,,,,,,,
csl1010151000,bm15310,bm15310,,,,,2010,10,15,1000,CSL,Capture,,,,,,,,,,,,Female,Adult,,,,,,,,,,,,,
csl1010151020,bm15410,bm15410,,,,,2010,10,15,1020,CSL,Capture,,,,,,,,,,,,Female,Adult,,,,,,,,,,,,,
csl1011140800,bm15510,,bm15510,,,,2010,11,14,800,CSL,Necropsy,1,,,,,,Unknown,No,,,,Male,Adult,Roadkill,Yes,P Laver,Clinically and macroscopically healthy individual.,0,,,0,1,0,,,
csl1011251600,BM15810,,bm15810,,,,2010,11,25,1600,CSL,Necropsy,1,,,,,,Unknown,,,,,Male,Adult,Predation,Yes,P Laver,.,0,,,1,0,1,,,
csl1012271025,bm16210,,bm16210,,,,2010,12,27,1025,CSL,Necropsy,1,,,,,,Unknown,Yes,,,,Male,Adult,TB,Yes,P Laver,early stage tuberculosis with possible involvement of the inferior mesenteric and the left popliteal.,1,,1,0,1,0,,,
csl1012271038,bm16310,,bm16310,,,,2010,12,27,1038,xxx,Necropsy,1,,,,,,Unknown,No,,,,Male,Adult,TB,Yes,P Laver,Clinically and macroscopically healthy animal.,0,,,0,0,1,,,
csl1012271113,bm16410,,bm16410,,,,2010,12,27,1113,CSL,Necropsy,1,,,,,,Unknown,No,,,,Male,Adult,TB,Yes,P Laver,"Clinically and macroscopically healthy animal.  Tissues NSL, possible early involvement of LNs - Left superficial axillary, subpyloric, and inferior mesenteric.  Possible recent lesion to Right testicle from antagonistic encounter with captive troop.",0,,,0,1,1,,,
dum1012160645,bm16010,bm16010,,,,,2010,12,16,645,DUM,Capture,,,,,,,,,,,,Male,Adult,,,,,,,,,,,,,
dum1012160646,bm16110,bm16110,,,,,2010,12,16,646,DUM,Capture,,,,,,,,,,,,Male,Adult,,,,,,,,,,,,,
kaz1001220800,bm11110,,bm11110,,,,2010,1,22,800,KAZ,Necropsy,1,,,,,,Unknown,Yes,,,,Female,Adult,Roadkill,Yes,Laver,Possible early stage tuberculosis,0,,,0,1,NA,,,
kaz1003231630,none,,none,,,,2010,3,23,1630,KAZ,Reported death,,,,,,,Unknown,Unknown,,,,,Juvenile,Other,,P Laver,,,,,,,,,,
kaz1003231631,none,,none,,,,2010,3,23,1631,KAZ,Reported death,,,,,,,Unknown,Unknown,,,,,Juvenile,Other,,P Laver,,,,,,,,,,
kaz1003231632,none,,none,,,,2010,3,23,1632,KAZ,Reported death,,,,,,,Unknown,Unknown,,,,,Juvenile,Other,,P Laver,,,,,,,,,,
kaz1003231633,none,,none,,,,2010,3,23,1633,KAZ,Reported death,,,,,,,Unknown,Unknown,,,,,Sub-adult,Other,,P Laver,,,,,,,,,,
kaz1003231634,none,,none,,,,2010,3,23,1634,KAZ,Reported death,,,,,,,Unknown,Unknown,,,,,Sub-adult,Other,,P Laver,,,,,,,,,,
kaz1003231635,none,,none,,,,2010,3,23,1635,KAZ,Reported death,,,,,,,Unknown,Unknown,,,,,Sub-adult,Other,,P Laver,,,,,,,,,,
kaz1005170900,bm11710,,bm11710,,,,2010,5,17,1700,KAZ,Necropsy,1,,,,,,Unknown,Unknown,,,,Unknown,Sub-adult,Roadkill,Yes,P Laver,.,Unknown,,,0,0,,sex is unknown?,,
kaz1006171655,bm12110,bm12110,,,,,2010,6,17,1655,KAZ,Capture,,,,,,,,,,,,Male,Sub-adult,,,,,,,,,,,,,
kub1003261200,none,,none,,,,2010,3,26,1200,KUB,Reported death,,,,,,,Unknown,Unknown,,,,,Adult,Predation,,Mpho,,,,,,,,,,
kub1005301500,bm8209,,none,,,,2010,5,30,1500,KUB,Necropsy,1,,,,,,Unknown,Unknown,,,,Male,Adult,Predation,Yes,Laver,,Unknown,,,,,,,,
kub1006211000,bm12210,bm12210,,,,,2010,6,21,1000,KUB,Capture,,,,,,,,,,,,Male,Sub-adult,,,,,,,,,,,,,
kub1007311145,bm12810,,bm12810,,,,2010,7,31,1145,KUB,Necropsy,1,,,,,,No,Yes,,,,Male,Sub-adult,Predation,,Laver,Early stage tuberculosis,1,,1,0,1,0,,,
kub1011080800,bm15610,,bm15610,,,,2010,11,8,,KUB,Necropsy,1,,,,,,Unknown,Unknown,,,,Unknown,,Predation,Yes,P Laver,,Unknown,,,0,,,did not indicate sex ,,
sef1001221028,bm11210,,bm11210,,,,2010,1,22,1028,SEF,Necropsy,1,Positive,,,Positive,,No,Yes,,Positive,Positive,Male,Adult,Roadkill,Yes,Laver,advanced stage tuberculosis,1,1,1,0,0,0,,,
sef1004091500,bm11510,,bm11510,,,,2010,4,9,1500,SEF,Necropsy,1,,,,,,No,No,,,,Female,Adult,Roadkill,Yes,P Laver,,0,,,0,1,NA,,,
sef1004191511,bm11810,,bm11810,,,,2010,4,19,1511,SEF,Necropsy,1,,,,,,Unknown,Unknown,,,,Unknown,Juvenile,Other,Yes,P Laver,,Unknown,,,0,,,"unknow suspect tb, juvenile with insides rotted",,
sef1011220800,bm15710,,bm15710,,,,2010,11,22,800,SEF,Necropsy,1,,,,,,Unknown,,,,,Unknown,Juvenile,Predation,Yes,P Laver,Putatively healthy juvenile.,0,,,,,,no report,,
xxx1008031030,BM_Aug3_10,gave ID 11_21_16,no ID/No report,,,,2010,8,3,1030,,Necropsy,1,,,,,,,,,,,,,Other,,"Laver, Njonjo",suspected poisoning from eating poisoned rat (warfarin),0,,,,,,,,
xxx1008101010,BM_Aug10_10,gave ID 11_21_16,no ID/No report,,,,2010,8,10,1010,,Necropsy,1,,,,,,No,,,,,Male,Juvenile,Other,,Laver,Possibly died of exposure overnight.  Brief necropsy did not yield any insight into this.,0,,,,,,,,
xxx1009210830,BM_Sept21_10,gave ID 11_21_16,no ID/No report,,,,2010,9,21,830,,Necropsy,1,,,,,,No,Yes,,,,Female,Adult,Roadkill,Yes,P Laver,early stage tuberculosis infection (not sure of species).,1,,1,,,,,,
kub1102130700,bm17011,,bm17011,,,,2011,2,13,700,KUB,Necropsy,1,,,,,,No,No,,,,Female,Sub-adult,Predation,Yes,P Laver & T Njonjo,Healthy sub adult.,0,,,0,0,NA,,,
unk1101181600,bm16811,,bm16811,,,,2011,1,18,1600,xxx,Necropsy,1,,,,Positive,,No,Yes,,,,Female,Adult,TB,Yes,P Laver and T Njonjo,early stage tuberculosis.,1,1,1,0,1,NA,,,
unk1101181601,bm16711,,bm16711,,,,2011,1,18,1600,xxx,Necropsy,1,,,,Positive,,No,Yes,,,,Female,Adult,TB,Yes,P Laver & T Njonjo,Early stage tuberculosis.,1,1,1,0,1,NA,,,
unk1101181602,bm16611,,bm16611,,,,2011,1,18,1600,xxx,Necropsy,1,,,,Positive,,No,Yes,,,,Female,Adult,TB,Yes,"P Laver, T Njonjo",Middle stage tuberculosis with possible associated co-parasite.,1,1,1,0,1,NA,,,
unk1101181603,bm16511,,bm16511,,,,2011,1,18,1600,xxx,Necropsy,1,,,,Positive,,Yes,Yes,,,,Female,Adult,TB,Yes,"P Laver, T Njonjo",Middle to late stage tuberculosis with involvement of L leg.,1,1,1,0,0,NA,,,
unk1101191600,bm16911,,bm16911,,,,2011,1,19,1600,xxx,Necropsy,1,,,,,,No,Yes,,,,Female,Adult,Other,Yes,"P Laver, T Njonjo",Early stage tuberculosis with involvement of the small intestine and caecum.,0,,,0,0,NA,,,
sef1103231600,bm17111,,bm17111,,,,2011,3,23,1600,SEF,Necropsy,1,,,,negative,,,,,,,Female,Adult,Unknown,,P Laver & T Njonjo,,1,,1,0,0,NA,,,
unk1104061600,bm17411,,bm17411,,,,2011,4,6,1600,UNK,Necropsy,1,,,,negative,,,,,,,Male,Sub-adult,Roadkill,,P Laver & T Njonjo,,1,,1,0,0,1,,,
unk1106101730,bm17511,,bm17511,,,,2011,6,10,1730,UNK,Necropsy,1,,,,Positive,,,,,,,Male,Adult,TB,,"K Alexander, R Sutcliffe",Middle stage tb with involvement of liver and spleen,1,1,1,0,0,1,,,
mow110617,bm17611,bm17611,,,,,2011,6,17,,MOW,Capture,,,,,,,,,,,,Female,Sub-adult,,,,,,,,,,,,,
cch110620,bm17711,,bm17711,,,,2011,6,20,,CCH,Necropsy,1,,,,Positive,,,,,,,Female,Adult,Unknown,,"K Alexander, R Sutcliffe","Mid to late stage tb, with involvement of lungs. RESPIRATORY CASE",1,1,1,0,0,NA,,,
kub1108011300,bm17811,,bm17811,,,,2011,8,1,1300,KUB,Necropsy,1,,,,negative,,,,,,,Female,Sub-adult,Predation,Yes,R Sutcliffe,,0,,,0,0,NA,,,
cch1108181130,bm17911,,bm17911,,,,2011,8,18,1130,CCH,Necropsy,1,,,,,,,,,,,Male,Adult,TB,,B Fairbanks,Late stage tuberculosis,1,,1,0,1,1,,,
csl110823,bm18011,,bm18011,,,,2011,8,23,,CSL,Necropsy,1,,,,Positive,,yes,yes,,,,Male,Adult,Other,,,Possible TB- emaciated but NSL,1,1,1,0,0,0,,,
sef111021,bm18111,,bm18111,,,,2011,10,21,,SEF,Necropsy,1,,,,Negative,,,,,,,Male,Adult,Roadkill,,R Sutcliffe,,0,,,0,0,0,,,
sef111206,bm18211,,bm18211,,,,2011,12,6,,SEF,Necropsy,1,,,,,,,,,,,Male,Adult,Roadkill,,R Sutcliffe,,0,,,0,0,0,,,
cgl111214,bm18311,,bm18311,,,,2011,12,14,,CGL,Necropsy,1,,,,negative,,,,,,,Male,Adult,Roadkill,,R Sutcliffe,,0,,,0,0,0,,,
unk111220,bm18411,,bm18411,,,,2011,12,20,,UNK,Necropsy,1,,,,,,,,,,,Male,Adult,Roadkill,,R Sutcliffe,,0,,,0,0,0,,,
cch1112210700,bm18511,bm18511,,,,,2011,12,21,700,CCH,Capture,,,,,,,,,,,,Female,Adult,,,,,,,,,,,,,
cch1112210900,bm18611,bm18611,,,,,2011,12,21,900,CCH,Capture,,,,,,,,,,,,Male,Adult,,,,,,,,,,,,,
csl1112271500,bm18711,bm18711,,,,,2011,12,27,1500,CSL,Capture,,,,,,,,,,,,Male,Adult,,,,,,,,,,,,,
csl1112271500,bm18811,bm18811,,,,,2011,12,27,1500,CSL,Capture,,,,,,,,,,,,Female,Adult,,,,,,,,,,,,,
cgl1112290630,bm18911,bm18911,,,,,2011,12,29,630,CGL,Capture,,,,,,,,,,,,Female,Sub-adult,,,,,,,,,,,,,
kub1112300900,bm19011,bm19011,,,,,2011,12,30,900,KUB,Capture,,,,,,,,,,,,Male,Adult,,,,,,,,,,,,,
wa1201130900,bm19112,bm19112,,,,,2012,1,13,900,WA,Capture,,,,,,,,,,,,Male,Adult,,,,RC 148.719,,,,,,,,,
wa1201130900,bm19212,bm19212,,,,,2012,1,13,900,WA,Capture,,,,,,,,,,,,Female,Adult,,,,,,,,,,,,,
csl120124,bm19312,,bm19312,,,,2012,1,24,,CSL,Necropsy,1,,,,,,,,,,,Unknown,Pup,Predation,,R Sutcliffe,,0,,,,,,,,
csl120125,bm19412,,bm19412,,,,2012,1,25,,CSL,Necropsy,1,,,,,,,,,,,Unknown,Pup,Roadkill,,R Sutcliffe,,0,,,,,,,,
csl120319,bm19512,,bm19512,,,,2012,3,19,,CSL,Necropsy,1,,,,,,,,,,,Female,Pup,Other,,R Sutcliffe,,0,,,,,,,,
sef120607,bm19612,,bm19612,,,,2012,6,7,,SEF,Necropsy,1,,,,negative,,,,,,,Female,Sub-adult,Roadkill,Yes,"R Sutcliffe, C Sanderson",NSL,0,,,0,0,NA,,,
sef120607,bm19712,,bm19712,,,,2012,6,7,,SEF,Necropsy,1,,,,negative,,,,,,,Female,Sub-adult,Roadkill,Yes,"R Sutcliffe, C Sanderson",NSL,0,,,0,0,NA,,,
sef120607,bm19912,,bm19912,,,,2012,6,7,,SEF,Necropsy,1,,,,,,,,,,,Female,Sub-adult,Roadkill,Yes,"R Sutcliffe, C Sanderson",NSL,0,,,,,NA,,,
csl120612,bm14910,,bm19812,,,,2012,6,12,1000,CSL,Necropsy,1,,,,Positive,,,,,,,Male,Adult,TB,No,R Sutcliffe,Possible early stage TB,1,1,1,0,0,0,,,
cch120619,bm13110,bm20012,bm20012,,,,2012,6,19,,CCH,Necropsy,1,,,,,,Yes,Yes,,,,Female,Adult,TB,No,"R Sutcliffe, C Sanderson","Late stage tuberculosis, emaciated, blind, involvement of spleen and right hing leg ",1,,1,0,0,NA,,,
mow120620,bm20112,bm20112,,,,,2012,6,20,,MOW,Capture,,,,,,,,,,,,Male,Adult,,,,RC 148.740,,,,,,,,,
mow120620,bm20212,bm20212,,,,,2012,6,20,,MOW,Capture,,,,,,,,,,,,Female,Sub-adult,,,,,,,,,,,,,
mow120620,bm20312,bm20312,,,,,2012,6,20,,MOW,Capture,,,,,,,,,,,,Female,Sub-adult,,,,,,,,,,,,,
csl120626,bm20412,,bm20412,,,,2012,6,26,,CSL,Necropsy,1,,,,Positive,,Yes,Yes,,,,Male,Adult,TB,No,"R Sutcliffe, C Sanderson",Late stage tuberculosis,1,1,1,1,1,NA,,,
cch120628,bm20512,,bm20512,,,,2012,6,28,,CCH,Necropsy,1,,,,Positive,,Yes,Yes,,,,Male,Adult,TB,No,"R Sutcliffe, C Sanderson",Late stage tuberculosis,1,1,1,0,1,1,,,
csl120713,bm20612,bm20612,,,,,2012,7,13,,CSL,Capture,,,,,,,No,,,,,Male,Adult,,,C Sanderson M Pacheco,,,,,,,,,,
,bm20712,,bm20712,,,,2012,7,4,,,Necropsy,1,,,,negative,,No,,,,,Male,Adult,Other,,C Sanderson M Pacheco,,0,,,0,0,0,,,
csl120724,bm20812,bm20812,,,,,2012,7,24,,CSL,Capture,,,,,,,No,,,,,Male,Adult,,,"R Sutcliffe, C Sanderson",Blue collar,,,,,,,,,
csl120730,bm20912,bm20912,,,,,2012,7,30,,CSL,Capture,,,,,,,No,,,,,Female,Adult,,,"R Sutcliffe, C Sanderson, M Pacheco",Orange collar,,,,,,,,,
cch120825,bm21012,,bm21012,,,,2012,8,25,,CCH,Necropsy,1,,,,,,Yes,,,,,Male,Adult,TB,,R Sutcliffe,"advanced stage tuberculosis, involvement of lungs, spleen, liver",1,,1,0,0,0,,,
cch121022,bm21112,,bm21112,,,,2012,10,22,,CCH,Necropsy,1,,,,,,No,,,,,Unknown,Pup,Other,Yes,R Sutcliffe,"Found just outside den, probably infanticide",0,,,,,,,,
unk121105,bm21212,,bm21212,,,,2012,11,5,,UNK,Necropsy,1,,,,,,No,,,,,Male,Adult,Roadkill,Yes,R Sutcliffe,NSL,0,,,0,0,0,,,
csl121112,bm21312,bm21312,,,,,2012,11,12,,CSL,Capture,,,,,,,,,,,,Female,Adult,,,R Sutcliffe,RC 148.740,,,,,,,,,
wa121127,bm21412,bm21412,,,,,2012,11,27,,WA,Capture,,,,,,,,,,,,Male,Adult,,,R Sutcliffe,RC 148.800,,,,,,,,,
wa121127,bm21512,bm21512,,,,,2012,11,27,,WA,Capture,,,,,,,,,,,,Male,Adult,,,R Sutcliffe,,,,,,,,,,
wa121125,bm19112,,bm21612,,,,2012,11,25,,WA,Necropsy,1,,,,negative,,,,,,,Male,Adult,Other,,R Sutcliffe,Found after being attacked by dogs,1,,1,0,0,,no report,,
mow121207,bm21812,bm21812,,,,,2012,12,7,,MOW,Capture,,,,,,,,,,,,Male,Adult,,,R Sutcliffe,RC 148.700. Looked thin,,,,,,,,,
csl121219,bm21712,,bm21712,,,,2012,12,19,,CSL,Necropsy,1,,,,Positive,,no,no,,,,Male,Adult,Roadkill,,K Alexander,NSL,0,1,1,0,0,0,no sex indicated,,
csl130114,bm21913,,bm21913,,,,2013,1,14,,CSL,Necropsy,1,,,,negative,,,,,,,Female,Adult,Roadkill,,R Sutcliffe,"Late stage pregnancy, liver had several small white lesions on surface",0,,,0,0,NA,,,
sef130122,bm22013,bm22013,,,,,2013,1,22,,SEF,Capture,,,,,,,,,,,,Male,Adult,,,R Sutcliffe,"RC 148.719 on. Bit thin, slightly swollen SM lymph node RHS",,,,,,,,,
cch130215,bm22113,,bm22113,,,,2013,2,15,,CCH,Necropsy,1,,,,Positive,,,,,,,Male,Adult,Unknown,Yes,R Sutcliffe,"Found, emaciated, dislocated back leg, swollen lymph nodes",1,1,1,0,0,0,,,
csl130219,bm20612,,bm22213,,,,2013,2,19,,CSL,Necropsy,1,,,,,,no,no,,,,Female,Adult,Predation,Yes,R Sutcliffe,Puncture wound to thorax,0,,,,,,no report,,
cgl130220,bm22313,bm22313,,,,,2013,2,20,,CGL,Capture,,,,,,,,,,,,Female,Adult,,,"R Sutcliffe, M Pacheco",RC 148.150,,,,,,,,,
unk130404,bm22413,,bm22413,,,,2013,4,4,,Unk,Necropsy,1,,,,negative,,,,,,,Male,Juvenile,Self Predation,Yes,R Sutcliffe,NSL,0,,,0,0,0,,,Killed by CSL troop
csl130417,bm22513,,bm22513,,,,2013,4,17,,CSL,Necropsy,1,,,,Positive,,Yes,,,,,Female,Adult,TB,,R Sutcliffe,"Scarface' , emaciated, laboured breathing, liver, spleen, and most lymph nodes affected",1,1,1,0,1,NA,,,
csl130517,bm22613,,bm22613,,,,2013,5,17,,CSL,Necropsy,1,,,,,,,,,,,Female,Pup,Roadkill,Yes,R Sutcliffe,"Possibly hit by car, insides hanging out",0,,,,,,no report,,
cgl130524,bm22713,,bm22713,,,,2013,5,24,,CGL,Necropsy,1,,,,Positive,,Yes,,,,,Male,Adult,TB,,R Sutcliffe,"Emaciated, involvement of lungs, liver and spleen ",1,1,1,0,0,0,,,
cgl130526,bm22813,,bm22813,,,,2013,5,26,,CGL,Necropsy,1,,,,Positive,,Yes,,,,,Male,Adult,TB,,R Sutcliffe,"Emaciated, no lesions on spleen, liver or lungs",1,1,1,0,1,0,,,
sef130608,bm22913,,bm22913,,,,2013,6,8,,SEF,Necropsy,1,,,,negative,,No,,,,,Female,Sub-adult,Predation,,R Sutcliffe,"Killed by dogs, in good condition",0,,,0,0,0,,,Killed by dogs at Pangolin
cch130611,bm23013,bm23013,,,,,2013,6,11,,CCH,Capture,,,,,,,,,,,,Male,Adult,,,R Sutcliffe,RC 148.228 on,,,,,,,,,
csl130611,bm23113,,bm23113,,,,2013,6,11,,CSL,Necropsy,1,,,,Positive,,Yes,yes,,,,Male,Adult,Roadkill,,R Sutcliffe,Lesions on spleen,1,1,1,0,1,0,,,
unk130709,bm23213,,bm23213,,,,2013,7,9,,Unk,Necropsy,1,,,,negative,,No,,,,,Male,Adult,Roadkill,Yes,"K Alexander, S Jobbins","Hit by car. Left popliteal lymph node enlarged and pus-filled. No lesions on spleen, liver or lungs. Otherwise in excellent condition.",1,,1,0,0,0,,,
,bm23313,,bm23313,,,,2013,7,24,,CSL,Necropsy,1,,,,negative,,,Yes,,,,Female,Juvenile,Roadkill,Yes,S. Jobbins,"Hit by car. Lesions on liver, spleen NAD.",1,,1,0,0,NA,,,
,bm23413,,bm23413,,,,2013,7,24,,WA,Necropsy,1,,,,,,No,,,,,Female,Adult,Roadkill,Yes,S. Jobbins,"Hit by car. Significant cranial trauma, otherwise NAD.",0,,,0,0,0,,,
,bm23513,,bm23513,,,,2013,7,26,,CSL,Necropsy,1,,,,negative,,No,,,,,Male,Juvenile,Other,,S. Jobbins,Acute hind limb paralysis; euthanased. Spinal fracture.,0,,,0,0,0,,,
,bm23613,,,,,,2013,10,9,,CCH,Necropsy,1,,,,,,Yes,Yes,,,,Female,Adult,Other,,Cathlin Craver,TB,1,,1,,,,,,
,bm23713,,,,,,2013,11,4,,CCH,Necropsy,1,,,,Positive,,Yes,Yes,,,,Male,Adult,Other,,Cathlin Craver,,1,1,1,,,,,,
,bm23813,,,,,,2013,11,28,,UNK,Necropsy,1,,,,,,No,No,,,,Male,Adult,Predation,,Cathlin Craver,Killed by dog,0,,,,,,,,
,bm23913,,,,,,2013,,,,,Necropsy,1,,,,,,,,,,,,,Other,,Cathlin?,NO REPORT,,,,,,,,,
,bm24014,,bm24014,,,,2014,1,5,,SEF or MOW,Necropsy,1,,,,negative,,No,No,,,,Male,Adult,Predation,Yes,S. Jobbins,Dog attack - otherwise good condition,0,,,0,0,0,,,
,bm24114,,bm24114,,,,2014,1,5,,SEF or MOW,Necropsy,1,,,,,,No,No,,,,Female,Adult,Predation,Yes,S. Jobbins,Dog attack - otherwise good condition,0,,,0,0,NA,,,
,bm24214,,bm24214,,,,2014,1,5,,SEF or MOW,Necropsy,1,,,,negative,,No,No,,,,Male,Adult,Predation,Yes,S. Jobbins,Dog attack - otherwise good condition,0,,,0,0,0,,,
,bm24314,,bm24314,,,,2014,1,9,,Zim Border,Necropsy,1,,,,negative,,No,No,,,,Male,Pup,Other,Yes,S. Jobbins,"Trapped in storm drain overnight, failed to thrive despite AB administration. Died 1 day later.",0,,,0,0,0,,,Trapped in storm drain
,bm24414,,bm24414,,,,2014,1,9,,Zim Border,Necropsy,1,,,,negative,,No,No,,,,Male,Pup,Other,Yes,S. Jobbins,"Trapped in storm drain overnight, failed to thrive despite AB administration. Died 1 day later.",0,,,0,0,0,,,Trapped in storm drain
csl140214,bm24514,bm24514,,,,,2014,2,14,1035,CSL,Capture,,,,,,,No,No,,,,Male,Adult,,,"K. Alexander, M. Ramotadima, S. Charlie,
S. Jobbins, S. Vandewalle, C. Nichols, Z. Mills.","Captured at CSL campsite (S17.80836, E025.14597). Healthy adult male. Anesthetised w medetomidine 1.3ml; recovered w atipamezole 1.3ml. Total anesthesia time 24min. RC attached (148.367). '03' tattooed left inguinal region and left pinna. Approx 20ul WB and tail tip sampled. Total Length = 690mm; Tail Length = 240mm; Hind Foot = 85mm; Skull = 165mm; Neck = 175mm; Mass = 1.705kg.",,,,,,,,,N/A
csl140214,bm24614,bm24614,,,,,2014,2,14,1100,CSL,Capture,,,,,,,No,No,,,,Female,Adult,,,"K. Alexander, M. Ramotadima, S. Charlie,
S. Jobbins, S. Vandewalle, C. Nichols, Z. Mills.","Captured at CSL campsite (S17.80836, E025.14597). Healthy adult female. Gravid, approx. 4 pups in trimester III. Anesthetised w medetomidine 1.2ml; recovered w atipamezole 1.2ml. Total anesthesia time 22min. No samples taken. '04' tattooed right inguinal region and left pinna. Total Length = 580mm; Tail Length = 235mm; Hind Foot = 70mm; Skull = 130mm; Neck = 140mm; Mass = 1.257kg. Large, oval area shaved on back between shoulders. ",,,,,,,,,N/A
csl140214,bm24714,bm24714,,,,,2014,2,14,1130,CSL,Capture,,,,,,,No,No,,,,Female,Adult,,,"K. Alexander, M. Ramotadima, S. Charlie,
S. Jobbins, S. Vandewalle, C. Nichols, Z. Mills.","Captured at CSL campsite (S17.80836, E025.14597). Healthy adult female. Gravid, approx. 4 pups in trimester III. Anesthetised w medetomidine 1.1ml; recovered w atipamezole 1.1ml. Total anesthesia time 45min, recovery time 5min. Tail tip sampled for genetics. '06' tattooed right inguinal region and right pinna. Total Length = 600mm; Tail Length = 218mm; Hind Foot = 79mm; Skull = 160mm; Neck = 158mm; Mass = 1.314kg. Left hind leg is shaved. ",,,,,,,,,N/A
csl140214,bm24814,bm24814,,,,,2014,2,14,1130,CSL,Capture,,,,,,,No,No,,,,Female,Adult,,,"K. Alexander, M. Ramotadima, S. Charlie,
S. Jobbins, S. Vandewalle, C. Nichols, Z. Mills.","Captured at CSL campsite (S17.80836, E025.14597). Healthy adult female. Anesthetised w medetomidine 1.1ml; recovered w atipamezole 1.1ml. Total anesthesia time 29min. Tail tip sampled for genetics. '05' tattooed right inguinal region and right pinna. Total Length = 650mm; Tail Length = 250mm; Hind Foot = 77mm; Skull = 145mm; Neck = 160mm; Mass = 1.330kg.",,,,,,,,,N/A
csl140214,bm24914,bm24914,,,,,2014,2,14,1145,CSL,Capture,,,,,,,No,No,,,,Male,Adult,,,"K. Alexander, M. Ramotadima, S. Charlie,
S. Jobbins, S. Vandewalle, C. Nichols, Z. Mills.","Captured at CSL campsite (S17.80836, E025.14597). Healthy adult male. Anesthetised w medetomidine 1.3ml; recovered w atipamezole 1.3ml. Total anesthesia time 37min. WB, plasma and ear clip (left pinna) sampled. '07' tattooed right inguinal region and right pinna. Total Length = 640mm; Tail Length = 230mm; Hind Foot = 80mm; Skull = 170mm; Neck = 165mm; Mass = 1.461kg. Cut on first digit of hund left foot (old injury), nose is crooked w sore.",,,,,,,,,N/A
csl140217,bm19112,bm25014,,,,,2014,2,17,1302,SEF,Capture,,,,,,,No,No,,,,Female,Adult,,,"K. Alexander, M. Ramotadima, S. Charlie ","Captured at Chobe Farms. Healthy adult female. Gravid, 7 fetuses in trimester III. Anesthetised w medetomidine 1.5ml; recovered w atipamezole 1.5ml. Total anesthesia time 38min. WB, plasma, oral swab, rectal swab sampled. '38' tattooed right inguinal region. Total Length = 520mm; Tail Length = 100mm; Hind Foot = 75mm; Skull = 167mm; Neck = 140mm; Mass = 2.006kg (minus weight of bag). Stumpy tail. RC 148.006 applied to replace old RC 148.719.",,,,,,,,,N/A
csl140217,bm25114,bm25114,,,,,2014,2,17,1302,SEF,Capture,,,,,,,No,No,,,,Male,Adult,,,"K. Alexander, M. Ramotadima, S. Charlie ","Captured at Chobe Farms. Healthy adult male. Anesthetised w medetomidine 1.4ml; recovered w atipamezole 1.4ml. Total anesthesia time 29min. WB, ear clip, oral swab, rectal swab sampled. '39' tattooed right inguinal region. Total Length = 625mm; Tail Length = 255mm; Hind Foot = 76mm; Skull = 155mm; Neck = 135mm; Mass = 1.545kg (minus weight of bag). Shaved patch behind head. Small bite on lower RHS lip.",,,,,,,,,N/A
,bm25214,,bm25214,,,,2014,2,25,14:00,CSL,Necropsy,1,,,,negative,,Yes,Yes,,,,Male,Adult,,,S. Jobbins,"Advanced TB. Emaciated; involvement of lungs, liver, spleen, mediastinum. Generalised lymphadenopathy. Foot lesion possibly related to TB.",1,,1,0,1,0,,,TB
,bm25314,,bm25314,No TB,,,2014,3,3,11:05,WA,Necropsy,1,,,,,,No,No,,,,Male,Sub-adult,,Yes,S. Jobbins and C.A. Nichols,HBC - significant cranial trauma. Otherwise seems healthy.,0,,,0,0,0,,,HBC
,bm25414,,bm25414,,,,2014,4,10,9:00,CSL,Necropsy,1,,,,negative,,No,,,,,Male,Juvenile,,Yes,C. Nichols,"Abandoned mongoose, children throwing stones at it. Failed to thrive in care at CARACAL. Died.",0,,,0,0,0,,,Other
,bm25514,,bm25514,,,,2014,4,12,,Unk,Necropsy,1,,,,negative,,No,,,,,Female,Juvenile,,Yes,C. Nichols,"Abandoned mongoose, failed to thrive in care at CARACAL. Died.",0,,,0,0,NA,,,Other
,bm25614,,bm25614,,,,2014,4,17,,WA,Necropsy,1,,,,negatve,,No,no,,,,Female,Adult,,Yes,C. Nichols,Otherwise healhy mongoose killed by Mpho's dogs.,0,,,0,0,NA,,,Predation
,bm25714,,bm25714,,,,2014,4,26,,Unk,Necropsy,1,,,,negative,,No,,,,,Female,Sub-adult,,Yes,C. Nichols,Otherwise healthy mongoose killed by Mark's dogs.,0,,,0,0,NA,,,Predation
,bm25814,,bm25814,,,,2014,4,19,,CSL,Necropsy,1,,,,negative,,No,,,,,Male,Sub-adult,,Yes,C. Nichols,Otherwise healthy mongoose hit by car.,0,,,0,0,0,,,Roadkill
,bm25914,,bm25914,,,,2014,5,21,,CSL,Necropsy,1,,,,,,No,,,,,Female,Adult,,Yes,C. Nichols,Dog attack. Minimal details on PM report.,0,,,0,0,0,,,Predation
,bm26014,,bm26014,,,,2014,5,22,,CCH,Necropsy,1,,,,Positive,,Yes,Yes,,,,Female,Adult,,,"K. Alexander, C. Nichols","Obvious' signs of TB infection, trapped at Chobe Chilwero by Sysco and Mpho. Euthanased by KA. Visible nasal lesions and bleeding, small white nodules on pleural membrane, subtle suggestion of white lesion on spleen (very small).",1,1,1,1,1,NA,,,TB
,bm26114,,bm26114,,,,2014,6,5,15:00,MOW,Necropsy,1,,,,Positive,,Yes,Yes,,,,Female,Adult,,Yes,"S. Jobbins, C. Nichols","Emaciated, distended abdomen full of fluid, generalised lymphadenopathy, extensive replacement of normal hepatic and splenic architecture with small nodules, some pulmonary hemorrage and nodules evident on lung surface. PCR on liver and spleen confirmed M. mungi.",1,1,1,0,1,NA,,,Human Predation
cgl140701,bm26214,bm26214,,,,,2014,7,1,13:37,CGL,Capture,,,,,,,No,,,,,Male,Sub-adult,,,"K. Alexander, M. Ramotadima, C. Charlie","Captured at CGL (S-17.80821, E025.15311). Healthy sub-adult male. Radiocollar applied (148.487), tattoo 41 administered R inguinal region. Oral and anal swabs, 2 fleas collected. Total length 265mm, tail 100mm, hind foot 35mm, skull 150mm, neck 157mm, mass 1339g. Right canine chipped.",,,,,,,,,N/A
,bm26314,,bm26314,,,,2014,7,19,,KUB,Necropsy,1,,,,,,No,,,,,Male,Sub-adult,,,S. Jobbins ,"Captured at Kubu Lodge, suffering suspected gun shot wound. Significant maggot infestation. Excellent condition otherwise.",0,,,0,0,0,,,Human Predation
trs140731,bm26414,bm26414,,,,,2014,7,31,16:54,THEBE,Capture,,,,,,,No,,,,,Female,Adult,,,"K. Alexander, S. Hill, J. Martinez, C. Nichols","Captured at Thebe. Healthy adult female. Radiocollar applied (148.406), no tattoo. Oral and anal swabs, blood collected. Total length 639mm, tail 235mm, hind foot 79mm, skull 146mm, neck 145mm, mass 1395g. Broken right molar.",,,,,,,,,N/A
cch140805,bm26514,bm26514,,,,,2014,8,5,10:33,CCH,Capture,,,,,,,No,,,,,Male,Sub-adult,,,,"Captured at CCH. Healthy sub-adult male. Radiocollar applied (148.216), tattoo 42 administered left femoral area. Oral, anal swabs and blood collected. Total length = 595mm, tail 187mm, hind foot 80mm, skull 133mm, neck 140mm. Old injuries to left hock and tail.",,,,,,,,,N/A
,bm26614,,bm26614,,,,2014,8,5,12:00,CCH,Necropsy,1,,,,Positive,,Yes,Yes,,,,Male,Adult,,,"K. Alexander, S. Hill ","Captured at CCH, euthanased due to suspected TB. Thin but excessive abdo fat stores?? Generalised lymphadenopathy. Lesions on lungs, evidence of sylicosis, subtle suggestion of TB lesion on liver surface. ",1,1,1,0,0,1,,,TB
mow140805,bm26714,bm25714,,,,,2014,8,5,16:30,MOW,Capture,,,,,,,No,,,,,Male,Adult,,,"K. Alexander, C. Nichols","Captured at Mowana. Healthy adult male. Radiocollar applied (148.089), tattoo 43 administered left inguinal region. Nasal, oral swabs, anal gland secretions, blood collected. Total length = 650mm, tail length 215mm, hind foot 79mm, skull 148mm, neck 150mm.",,,,,,,,,N/A
csl140806,bm26814,bm26814,,,,,2014,8,6,11:53,CSL,Capture,,,,,,,No,,,,,Female,Adult,,,"K. Alexander, C. Nichols","Captured at CSL. Healthy adult female. Radiocollar applied (148.430), tattoo 43 administered left inguinal region. Feces, oral swab, blood collected. Total length 682mm, tail length 259mm, hind foot 77mm, skull 150mm, neck 162mm, mass 1740g.",,,,,,,,,N/A
kub140806,bm26914,bm26914,,,,,2014,8,6,15:30,KUB,Capture,,,,,,,No,,,,,Female,Sub-adult,,,"K. Alexander, C. Nichols","Captured at Kubu Lodge, healthy female. Radiocollar applied (148.530), tattoo 45 administered left inguinal region. Rectal and oral swabs, feces, blood collected. Total length 645mm, tail 245mm, hind foot 85mm, skull 145mm, neck 160mm, mass 1302g.",,,,,,,,,N/A
,bm27014,,bm27014,,,,2014,8,28,,CSL,Necropsy,1,,,,Positive,,Yes,Yes,,,,Male,Adult,,,C. Nichols,Obvious signs of TB,1,1,1,,,,,,TB
,bm2714,,,,,,,,,,,Necropsy,,,,,,,,,,,,Male,,,,,,1,,1,1,0,1,,,TB
,bm27114,,bm27114,,,,2014,9,22,,CSL,Necropsy,1,,,,Positive,,Yes,Yes,,,,Female,,,,,,1,1,1,0,1,NA,,,TB
,bm27214,,bm27214,,,,2014,10,13,,CSL,Necropsy,1,,,,Positive,,Unknown,,,,,Male,,,,,,,1,1,0,1,0,,,TB
,bm27314,,bm27314,,,,2014,10,17,,CSL,Necropsy,1,,,,,,No,,,,,Male,,,,,,0,,,0,0,0,,,Other
,bm27414,,bm27414,,,,2014,10,20,,CSL,Necropsy,1,,,,,,Unknown,,,,,Male,,,,,,0,,,0,0,0,,,Other
,bm27514,,bm27514,,,,2014,10,29,,CARACAL,Necropsy,1,,,,,,No,,,,,Male,,,,,,0,,,0,0,0,,,Other
,bm27615,bm27615,,,bm27015,,2015,1,23,15:11,WA,Capture,,,,,,,No,,,,,Male,,,,,,0,,,NP,1,NP,,,
,bm27615,,bm27615,,bm27015,,2015,1,27,18:08,WA,Necropsy,1,,,,,,No,,,,,Male,,,,,,1,,1,0,1,1,,,TB
,bm27715,bm27715,,,bm27115,,2015,1,23,11:00,CCH,Capture,,,,,,,No,,,,,Female,,,,,,,,,,,,,,
,bm27815,,bm27815,,bm27215,,2015,1,30,10:30,CSL,Necropsy,1,,,,,,Yes,Yes,,,,Male,,,,,,1,,1,0,0,1,,,TB
,bm27915,bm27915,,,,,2015,2,3,11:00,CSL,Capture,,,,,,,No,,,,,Female,,,,,,,,,,,,,,
,bm28015,bm28015,,,,,2015,3,2,11:46,CCH,Capture,,,,,,,No,,,,,Female,,,,,,,,,,,,,,
,bm28115,bm28115,,,,,2015,3,4,14:22,WA,Capture,,,,,,,No,,,,,Female,,,,,,,,,,,,,,
,bm28215,bm28215,,,,,2015,3,6,10:32,THEBE,Capture,,,,,,,No,,,,,Male,,,,,,,,,,,,,,
,bm28315,bm28315,,,,,2015,3,18,9:40,SEF,Capture,,,,,,,No,,,,,Male,,,,,,,,,,,,,,
,bm28415,,bm28415,,,,2015,3,19,15:30,Unk,Necropsy,1,,,,,,No,,,,,Male,,,,,,0,,,0,0,0,,,Other
,bm28515,bm28515,,,,,2015,3,25,9:18,CGL,Capture,,,,,,,No,,,,,Female,,,,,,,,,,,,,,
,bm28615,,bm28615,,,,2015,4,1,10:00,CSL,Necropsy,1,,,,,,Yes,,,,,Male,,,,,,0,,,0,0,0,,,Other
,bm28715,,bm28715,,,,2015,5,27,13:17,THEBE,Necropsy,1,,,,Positive,,No,,,,,Male,,,,,,1,1,1,0,0,0,,,Other
,bm28815,bm28815,,,,,2015,6,4,15:53,MOW,Capture,,,,,,,No,,,,,Male,,,,,,,,,,,,,,
,bm28815,,bm28815,,,,2015,6,6,,MOW,Necropsy,1,,,,negative,,Yes,,,,,Male,,,,,,1,,1,0,0,0,,,Other
,bm26714,bm28915,,,,,2015,6,9,15:00,WA,Capture,,,,,,,No,,,,,Male,,,,,,,,,,,,,,
,bm26814,bm29015,,,,,2015,6,9,15:00,WA,Capture,,,,,,,No,,,,,Male,,,,,,,,,,,,,,
,bm29115,bm29115,,,,,2015,6,10,11:24,MOW,Capture,,,,,,,No,,,,,Male,,,,,,,,,,,,,,
,bm29215,bm29215,,,,,2015,6,10,12:18,MOW,Capture,,,,,,,No,,,,,Female,,,,,,,,,,,,,,
,bm29315,bm29315,,,,,2015,6,16,14:00,CSL,Capture,,,,,,,No,,,,,Female,,,,,,,,,,,,,,
,bm29415,bm29415,,,,,2015,6,24,14:07,FORESTRY,Capture,,,,,,,No,,,,,Male,,,,,,,,,,,,,,
,bm29515,bm29515,,,,,2015,6,26,10:00,THEBE,Capture,,,,,,,No,,,,,Female,,,,,,,,,,,,,,
,bm29615,bm29615,,,,,2015,7,1,11:52,MOW,Capture,,,,,,,No,,,,,Female,,,,,,,,,,,,,,
,bm29715,bm29715,,,,,2015,7,15,14:00,CSL,Capture,,,,,,,No,,,,,Female,,,,,,,,,,,,,,
,bm29815,,bm29815,,,,2015,7,17,11:00,CSL,Necropsy,1,,,,Positive,,Yes,,,,,Male,,,,,,1,1,1,0,0,0,,,Other
,bm29915,bm29915,,,,,2015,7,16,13:30,WA,Capture,,,,,,,No,,,,,Female,,,,,,,,,,,,,,
,bm30015,bm30015,,,,,2015,7,16,13:30,WA,Capture,,,,,,,No,,,,,Female,,,,,,,,,,,,,,
,bm30115,,bm30115,,,,2015,7,20,,FORESTRY,Necropsy,1,,,,negative,,No,No,,,,Female,,,,"S. Hill, K. Alexander & S. Vandewalle",,0,,,1,0,NA,,,Predation
,bm30215,bm30215,,,,,2015,7,22,11:45,SEF,Capture,,,,,,,No,,,,,Female,,,,,,,,,,,,,,
,bm30315,bm30315,,,,,2015,7,29,13:45,KUB,Capture,,,,,,,No,,,,,Male,,,,,,,,,,,,,,
,bm30415,bm30415,,,,,2015,7,29,13:45,KUB,Capture,,,,,,,No,,,,,Female,,,,,,,,,,,,,,
,bm30515,bm30515,,,,,2015,7,30,13:45,CCH,Capture,,,,,,,No,,,,,Male,,,,,,,,,,,,,,
,bm30615,bm30615,,,,,2015,7,30,15:08,CCH,Capture,,,,,,,No,,,,,Male,,,,,,,,,,,,,,
,bm26714,bm30715,,,,,2015,8,5,11:15,WA,Capture,,,,,,,No,,,,,Male,,,,,,,,,,,,,,
,bm30815,bm30815,,,,,2015,8,5,11:05,WA,Capture,,,,,,,No,,,,,Male,,,,,,,,,,,,,,
,bm30915,bm30915,,,,,2015,8,6,13:33,SEF/THEBE,Capture,,,,,,,No,,,,,Male,,,,,,,,,,,,,,
,bm31015,bm31015,,,,,2015,8,10,10:30,MOW,Capture,,,,,,,No,,,,,Male,,,,,,,,,,,,,,
,bm31115,bm31115,,,,,2015,8,11,15:45,CHARLOTTE,Capture,,,,,,,No,,,,,Male,,,,,,,,,,,,,,
,bm31115,,bm31115,,,,2016,2,3,,FORESTRY,Necropsy,1,,,,,,No,No,,,,Male,Adult,,,C. Nichols,,0,,,0,0,0,,,Roadkill
,bm31215,,bm31215,,,,2015,9,17,12:00,CARACAL,Necropsy,1,,,,,,No,No,,,,Male,Sub-adult,,,S. Vandewalle,,0,,,0,0,0,,,Other
,bm31315,,bm31315,,,,2015,9,21,8:00,Unk,Necropsy,1,,,,,,No,No,,,,Female,Adult,,,S. Vandewalle,,0,,,0,0,NA,,,Roadkill
,bm31415,,bm31415,,,,2015,11,5,14:00,WA,Necropsy,1,,,,,,Yes,Yes,,,,Male,Adult,,,S. Vandewalle,,1,,1,0,1,1,,,TB
,bm31515,,bm31515,,,,2015,12,16,10:00,Unk,Necropsy,1,,,,,,No,No,,,,Male,Adult,,,S. Vandewalle,,0,,,0,0,0,,,Roadkill
,bm31615,,bm31615,,,,2015,12,16,9:00,CCH,Necropsy,1,,,,,,Yes,Yes,,,,Male,Adult,,,S. Vandewalle,,1,,1,0,1,1,,,TB
,bm26814,,bm26814,,,,2016,1,4,9:00,FORESTRY,Capture,,,,,,,No,,,,,Female,Adult,,,,,,,,,,,,,
,bm31716,,bm31716,,,,2016,1,11,10:14,CSL,Capture,,,,,,,No,,,,,Female,Adult,,,,,,,,,,,,,
,bm31816,,bm31816,,,,2016,1,14,10:15,CGL,Capture,,,,,,,No,,,,,Female,Adult,,,L. Patterson & C. Nichols,,,,,,,,,,
,bm31916,,bm31916,,,,2016,1,21,8:00,SEF,Necropsy,1,,,,,,No,No,,,,Male,Adult,,,C. Nichols & S. Vandewalle,,0,,,0,0,0,,,Roadkill
,bm32016,,bm32016,,,,2016,1,21,8:00,SEF,Necropsy,1,,,,,,No,No,,,,Male,Adult,,,C. Nichols & S. Vandewalle,,0,,,0,0,0,,,Roadkill
,bm32116,bm32116,,,,,2016,2,3,17:15,FORESTRY,Capture,,,,,,,No,,,,,Male,Adult,,,C. Nichols  ,,,,,,,,,,
,bm32216,bm32216,,,,,2016,2,5,15:00,MOW,Capture,,,,,,,No,,,,,Female,Adult,,,C. Nichols,,,,,,,,,,
,bm32316,,bm32316,,,,2016,2,7,,CCH,Necropsy,1,,,,,,No,No,,,,Female,Juvenile,,,C. Nichols,,0,,,0,0,NA,,,Other
,bm32416,bm32416,,,,,2016,2,8,12:00,MOW,Capture,,,,,,,No,,,,,Male,Adult,,,C. Nichols,,,,,,,,,,
,bm32516,bm32516,,,,,2016,2,8,16:30,SEF,Capture,,,,,,,No,,,,,Female,Adult,,,C. Nichols,,,,,,,,,,
,bm32616,bm32616,,,,,2016,2,12,8:48,DUMPSITE,Capture,,,,,,,No,,,,,Male,Adult,,,L. Patterson & C. Nichols,,,,,,,,,,
,bm32716,bm32716,,,,,2016,2,12,8:55,DUMPSITE,Capture,,,,,,,No,,,,,Female,Adult,,,L. Patterson & C. Nichols,,,,,,,,,,
,bm32816,,bm32816,,,,2016,2,19,,CSL,Necropsy,1,,,,,,No,No,,,,Female,Juvenile,,,C. Nichols & S. Vandewalle,,0,,,0,0,NA,,,Other
,bm32916,,bm32916,,,,2016,2,25,,CARACAL,Necropsy,1,,,,,,,,,,,Male,Adult,,,C. Nichols & S. Vandewalle,,0,,,,,,,,Other
,bm33016,bm33016,,,,,2016,2,25,8:25,SEDUDU,Capture,,,,,,,No,,,,,Female,Adult,,,"K. Alexander, C. Sanderson & C. Nichols",,,,,,,,,,
,bm33116,bm33116,,,,,2016,2,26,14:30,PLATEAU,Capture,,,,,,,No,,,,,Female,Adult,,,"K. Alexander, C. Sanderson & C. Nichols",,,,,,,,,,
,bm33216,,bm33216,,,,2016,3,11,8:00,CARACAL,Necropsy,1,,,,,,No,,,,,Male,Adult,,,,,1,,1,0,1,0,,,Other
,bm33316,bm33316,,,,,2016,3,12,13:27,CSL,Capture,,,,,,,No,,,,,Female,Adult,,,,,,,,,,,,,captured at CSL campsite
,bm33416,bm33416,,,,,2016,3,12,13:22,CSL,Capture,,,,,,,No,,,,,Male,Sub-adult,,,,,,,,,,,,,captured at CSL campsite
,bm33516,bm33516,,,,,2016,3,14,11:00,Mowana,Capture,,,,,,,No,,,,,Male,Adult,,,,,,,,,,,,,captured at mowana
,bm33616,bm33616,,,,,2016,3,14,12:00,Mowana,Capture,,,,,,,No,,,,,Male,Adult,,,,,,,,,,,,,captured at brett macdonald's
,bm33716,bm33716,,,,,2016,3,15,16:30,KUB,Capture,,,,,,,No,,,,,Female,Adult,,,,,,,,,,,,,captured at kubu lodge
,bm33816,bm33816,,,,,2016,3,16,16:30,CGL,Capture,,,,,,,No,,,,,Male,Adult,,,,,,,,,,,,,
,bm33916,bm33916,,,,,2016,3,16,16:30,CGL,Capture,,,,,,,No,,,,,Male,Adult,,,,,,,,,,,,,
,bm34016,,bm34016,,,,2016,3,18,10:00,CGL,Necropsy,1,,,,,,Yes,,,,,Male,Adult,,,,,1,,1,1,0,1,,,TB
,bm34116,bm34116,,,,,2016,3,19,7:30,CCH,Capture,,,,,,,No,,,,,Male,Sub-adult,,,,,,,,,,,,,
,bm34216,bm34216,,,,,2016,3,19,7:30,CCH,Capture,,,,,,,No,,,,,Female,Sub-adult,,,,,,,,,,,,,
,bm34316,bm34316,,,,,2016,3,24,13:48,CARACAL,Capture,,,,,,,No,,,,,Female,Adult,,,,,,,,,,,,,
,bm30815,,bm30815b,,,,2016,3,29,9:00,WA,Necropsy,1,,,,,,Yes,,,,,Male,Adult,,,,,1,,1,1,0,0,,,TB
,bm34416,,bm34416,,,,2016,3,30,8:00,CSL,Necropsy,1,,,,,,Yes,,,,,Male,Adult,,,,,1,,1,1,0,0,,,TB
,bm34516,,bm34516,,,,2016,4,1,9:00,CGL,Necropsy,1,,,,,,Yes,,,,,Female,Adult,,,,,1,,1,1,1,,,,TB
,bm34616,,bm34616,,,,2016,4,11,10:00,Unk,Necropsy,1,,,,,,No,,,,,Female,Adult,,,,,0,,,0,1,,,,Predation
,bm34716,,bm34716,,,,2016,4,18,10:30,Unk,Necropsy,1,,,,,,No,,,,,Female,Sub-adult,,,Nate,,0,,,0,1,,,,Roadkill
,bm34816,,bm34816,,,,2016,4,25,9:00,Mogo,Necropsy,1,,,,,,No,,,,,Female,Adult,,,CA,,0,,,0,0,,,,Roadkill
,bm34916,bm34916,,,,,2016,5,4,14:00,CCH,Capture,,,,,,,No,,,,,Female,Adult,,,,,,,,,,,,,
,bm35016,,bm35016,,,,2016,5,8,14:00,Unk,Necropsy,1,,,,,,No,,,,,Male,Adult,,,NO REPORT,,0,,,0,0,0,,,Roadkill
,bm35116,,bm35116,,,,2016,5,8,15:30,Unk,Necropsy,1,,,,,,No,,,,,Female,Sub-adult,,,Nate,,0,,,0,0,,,,Roadkill
,bm30315,,bm30315b,,,,2016,5,9,9:00,KUB,Necropsy,1,,,,,,No,,,,,Male,Adult,,,Nate,,0,,,0,0,1,,,Predation
,bm35216,bm35216,,,,,2016,5,9,17:50,Watercart East,Capture,,,,,,,No,,,,,Female,Sub-adult,,,,,,,,,,,,,Captured in CNP; radiocollar 148.440
,bm35316,bm35316,,,,,2016,5,17,10:20,CARACAL,Capture,,,,,,,No,,,,,Female,Adult,,,,,,,,,,,,,Routine checkup
,bm35416,bm35416,,,,,2016,5,17,10:30,CARACAL,Capture,,,,,,,No,,,,,Female,Adult,,,,,,,,,,,,,Routine checkup
,bm35516,bm35516,,,,,2016,5,17,14:30,CARACAL,Capture,,,,,,,No,,,,,Female,Adult,,,,,,,,,,,,,Routine checkup
,bm35616,bm35616,,,,,2016,5,27,14:15,KUB,Capture,,,,,,,No,,,,,Female,Adult,,,,,,,,,,,,,
,bm35716,bm35716,,,,,2016,5,27,14:15,KUB,Capture,,,,,,,No,,,,,Female,Adult,,,,,,,,,,,,,
,bm32516,,bm32516b,,,,2016,6,1,8:00,SEF,Necropsy,1,,,,,,No,,,,,Female,Adult,,,Nate,,0,,,,,,,,Other
,bm35816,bm35816,,,,,2016,6,7,16:50,SEF,Capture,,,,,,,No,,,,,Female,Adult,,,,,,,,,,,,,
,bm35916,bm35916,,,,,2016,6,7,16:50,SEF,Capture,,,,,,,No,,,,,Male,Adult,,,,,,,,,,,,,
,bm31015,,bm31015b,,,,2016,6,8,8:00,MOGO,Necropsy,1,,,,,,No,,,,,Male,Adult,,,Nate,,0,,,0,0,0,,,Predation
,bm36016,,bm36016,,,,2016,6,9,10:00,WA,Necropsy,1,,,,,,No,,,,,Male,Adult,,,Nate,,0,,,0,0,0,,,Other
,bm36116,bm36116,,,,,2016,6,14,9:57,WA/MOGO,Capture,,,,,,,No,,,,,Male,Adult,,,,,,,,,,,,,
,bm36216,bm36216,,,,,2016,6,14,9:57,WA/MOGO,Capture,,,,,,,No,,,,,Male,Adult,,,,,,,,,,,,,
,bm36316,bm36316,,,,,2016,6,14,10:00,WA/MOGO,Capture,,,,,,,No,,,,,Female,Adult,,,,,,,,,,,,,
,bm36416,bm36416,,,,,2016,6,14,10:00,WA/MOGO,Capture,,,,,,,No,,,,,Male,Adult,,,,,,,,,,,,,
,bm36516,bm36516,,,,,2016,6,17,12:30,Kwalape,Capture,,,,,,,No,,,,,Male,Adult,,,,,,,,,,,,,
,bm36616,bm36616,,,,,2016,6,17,12:30,Kwalape,Capture,,,,,,,No,,,,,Female,Adult,,,,,,,,,,,,,
,bm36716,bm36716,,,,,2016,6,17,12:30,Kwalape,Capture,,,,,,,No,,,,,Female,Adult,,,,,,,,,,,,,
,bm36816,bm36816,,,,,2016,6,21,15:06,MOW,Capture,,,,,,,No,,,,,Male,Adult,,,,,,,,,,,,,
,bm36916,,bm36916,,,,2016,6,26,11:00,FORESTRY,Necropsy,1,,,,,,No,,,,,Male,Adult,,,Nate,,0,,,0,0,,,,Roadkill
,bm37016,bm37016,,,,,2016,7,28,14:30,CSL,Capture,,,,,,,No,,,,,Female,Sub-adult,,,,,,,,,,,,,
,bm37116,bm37116,,,,,2016,9,1,11:40,Kwalape,Capture,,,,,,,No,,,,,Male,Sub-adult,,,,,,,,,,,,,
,bm37216,bm37216,,,,,2016,9,1,11:40,Kwalape,Capture,,,,,,,No,,,,,Male,Sub-adult,,,,,,,,,,,,,
,bm37316,bm37316,,,,,2016,9,7,11:24,CSL,Capture,,,,,,,No,,,,,Male,Sub-adult,,,,,,,,,,,,,
,bm37416,bm37416,,,,,2016,9,7,11:24,CSL,Capture,,,,,,,No,,,,,Male,Adult,,,,,,,,,,,,,
,bm37516,bm37516,,,,,2016,9,7,11:24,CSL,Capture,,,,,,,No,,,,,Male,Adult,,,,,,,,,,,,,
,bm37616,bm37616,,,,,2016,9,7,12:24,CSL,Capture,,,,,,,No,,,,,Male,Adult,,,,,,,,,,,,,
,bm37716,bm37716,,,,,2016,9,7,11:24,CSL,Capture,,,,,,,No,,,,,Male,Juvenile,,,,,,,,,,,,,
,bm37816,bm37816,,,,,2016,9,7,11:24,CSL,Capture,,,,,,,No,,,,,Male,Sub-adult,,,,,,,,,,,,,
,bm37916,bm37916,,,,,2016,9,7,11:24,CSL,Capture,,,,,,,No,,,,,Female,Adult,,,,,,,,,,,,,
,bm38016,bm38016,,,,,2016,9,12,10:00,KUB,Capture,,,,,,,No,,,,,Male,Sub-adult,,,,,,,,,,,,,
,bm38116,bm38116,,,,,2016,9,13,8:00,KUB,Capture,,,,,,,No,,,,,Female,Adult,,,,,,,,,,,,,
,bm38116,,bm38116,,,,2016,9,13,10:00,KUB,Necropsy,1,,,,,,No,,,,,Female,Adult,Other,,Nate,,0,,,0,0,,,,Trauma on arrival at capture
,bm38216,bm38216,,,,,2016,9,12,10:00,KUB,Capture,,,,,,,No,,,,,Male,Adult,,,,,,,,,,,,,
,bm38316,,bm38316,,,,2016,9,26,15:00,Plateau,Necropsy,1,,,,,,No,,,,,Female,Adult,Other,,NO REPORT,,0,,,0,1,,,,Trauma  
,bm38416,bm38416,,,,,2016,9,26,11:00,CSL,Capture,,,,,,,No,,,,,Female,Adult,,,,,,,,,,,,,
,bm31716,bm31716b,,,,,2016,9,26,11:00,CSL,Capture,,,,,,,No,,,,,Female,Adult,,,,,,,,,,,,,
,bm38516,bm38516,,,,,2016,9,27,9:00,Unk,Capture,,,,,,,No,,,,,Female,Adult,,,,,,,,,,,,,Captured at CARACAL; no troop 
,bm38616,,bm38616,,,,2016,9,29,11:00,CARACAL,Necropsy,1,,,,,,No,,,,,Male,Adult,,,,,0,,,0,1,0,,,Self Predation
,bm38716,bm38716,,,,,2016,10,5,10:00,Watercart West,Capture,,,,,,,No,,,,,Female,Adult,,,,,,,,,,,,,Radiocollar 148.878
,bm38816,,bm38816,,,,2016,10,5,16:00,Unk,Necropsy,1,,,,,,No,,,,,Female,Adult,,,Nate,,0,,,0,1,,,,Roadkill
,bm38916,,bm38916,,,,2016,10,10,9:00,WA,Necropsy,1,,,,,,No,,,,,Male,Adult,,,Nate,,0,,,0,0,0,,,Roadkill
,bm39016,bm39016,,,,,2016,10,10,11:00,WA,Capture,,,,,,,No,,,,,Female,Adult,,,,,,,,,,,,,Kalahari Tours garage
,bm39116,bm39116,,,,,2016,10,10,11:00,WA,Capture,,,,,,,No,,,,,Male,Adult,,,,,,,,,,,,,Kalahari Tours garage
,bm39216,bm39216,,,,,2016,10,10,11:00,WA,Capture,,,,,,,No,,,,,Female,Sub-adult,,,,,,,,,,,,,Kalahari Tours garage
,bm39316,bm39316,,,,,2016,10,10,11:00,WA,Capture,,,,,,,No,,,,,Male,Sub-adult,,,,,,,,,,,,,Kalahari Tours garage
,bm32116,,bm39416,,,,2016,10,19,9:00,FORESTRY,Necropsy,1,,,,,,Unknown,,,,,Male,Adult,,,,,,,,,,,,,Predation
,bm39516,,bm39516,,,,2016,11,4,10:00,WA,Necropsy,1,,,,,,No,,,,,Female,Adult,,,Nate,,0,,,0,0,,,,Roadkill
,bm39616,,bm39616,,,,2016,11,4,12:00,Plateau,Necropsy,1,,,,,,Yes,,,,,Male,Adult,,,Nate,,0,,,0,0,0,,,Roadkill
,bm39716,,bm39716,,,,2016,11,4,14:00,Unk,Necropsy,1,,,,,,Yes,,,,,Male,Adult,,,Nate,,1,,1,1,1,0,,,Other
,bm39816,,bm39816,,,,2016,11,9,10:00,WA,Necropsy,1,,,,,,Unknown,,,,,Unknown,Adult,,,NO REPORT,,0,,,,,,,,Roadkill
,BM36516,,BM36516B,,,,2016,11,,,unk,Necropsy,1,,,,,,No,,,,,Male,Adult,,,Nate,,0,,,0,,,,,Predation
,BM39916,,BM39916,,,,2016,12,21,,unk,Necropsy,1,,,,,,No,,,,,Female,Adult,,,Nate,,0,,,0,0,,,,Predation
,bm40017,BM40017,,,,,2017,1,17,15:15,WA,Capture,,,,,,,No,,,,,Female,Adult,,,,,0,,,0,0,,,,
,bm40117,bm40117,,,,,2017,1,10,9:57,FOR,Capture,,,,,,,No,,,,,Female,Adult,,,,,0,,,0,0,,,,
,bm40217,bm40217,,,,,2017,1,11,10:11,Kwalape,Capture,,,,,,,No,,,,,Male,Adult,,,,,0,,,0,1,0,,,
,bm40317,bm40317,,,,,2017,1,11,10:50,Kwalape,Capture,,,,,,,No,,,,,Male,Adult,,,,,0,,,0,1,0,,,
,bm36616,bm36616B,,,,,2017,1,11,16:32,Kubu,Capture,,,,,,,No,,,,,Female,Adult,,,,,0,,,0,1,,,,
,bm40417,bm40417,,,,,2017,1,12,9:18,Kubu,Capture,,,,,,,No,,,,,Female,Adult,,,,,0,,,0,0,,,,
,bm40517,bm40517,,,,,2017,1,24,14:32,MOGO,Capture,,,,,,,No,,,,,Female,Adult,,,,,0,,,0,0,,,,
,bm40617,bm40617,,,,,2017,1,30,14:52,unk by builders world,Capture,,,,,,,No,,,,,Male,Adult,,,,,0,,,0,1,0,,,
,unk collar,,BM40717,,,,2017,2,3,,unknown,Necropsy,1,,,,,,No,,,,,Male,Adult,Other,,"LaHue, Llyod","lepto, poisoning",0,,0,0,0,0,,,"unk poisoning, lepto- severe icterus"
,BM40817,,BM40817,,,,2017,2,22,,"unknown, probably Plateau",Necropsy,1,,,,,,No,0,,,,Female,Juvenile,Roadkill,,"LaHue, Llyod",vehicular trauma,0,,,,,,,,
,BM40917,BM40917,,,,,2017,2,24,10:10,MOW,Capture,,,,,,,No,0,,,,Female,Adult,,,"Mike, LaHue, Kabelo",,0,,,0,0,0,,,
,BM41017,BM41017,,,,,2017,2,24,10:10,MOW,Capture,,,,,,,No,0,,,,Female,Adult,,,"Mike, LaHue, Kabelo",,0,,,0,0,0,,,
,BM41117,BM41117,,,,,2017,2,24,10:32,MOW,Capture,,,,,,,No,0,,,,Female,Adult,,,"Mike, LaHue, Kabelo",,0,,,0,0,0,,,
,,BM41217,,,,,2017,,,,,Capture,,,,,,,,,,,,,,,,,,,,,,,,,,
,BM41317,BM41317,,,,,2017,3,6,10:50,CSL,Capture,,,,,,,No,0,,,,Female,Adult,,,"Mike, LaHue, Kabelo, Kathy",,0,,,0,0,0,,,
,,BM41417,,,,,2017,,,,,Capture,,,,,,,,,,,,,,,,,,,,,,,,,,
,BM41517,BM41517,,,,,2017,3,9,10:00,CGL,Capture,,,,,,,No,0,,,,Male,Adult,,,"Mike, LaHue",,0,,,0,0,0,,,
,BM41617,BM41617,,,,,2017,3,9,10:00,CGL,Capture,,,,,,,No,0,,,,Female,Sub-adult,,,"Mike, LaHue",,0,,,0,0,0,,,
,BM41717,BM41717,,,,,2017,3,23,17:04,PLAT,Capture,,,,,,,No,0,,,,Female,Adult,,,"Mike, LaHue, Lena, Nico, Kableo",,0,,,0,0,0,,,
,BM41817,BM41817,,,,,2017,3,23,17:04,PLAT,Capture,,,,,,,No,0,,,,Male,Adult,,,"Mike, LaHue, Lena, Nico, Kableo",,0,,,0,0,0,,,
,BM41917,BM41917,,,,,2017,3,28,7:50,WDL,Capture,,,,,,,No,0,,,,Male,Adult,,,"Mike, LaHue, Sanath",,0,,,0,0,0,,,
,BM42017,,BM42017,,,,2017,4,5,,KUBU,Necropsy,1,,,,,,No,No,,,,Female,Sub-adult,Predation,Yes,Lena Patiño,Thorasic puncture,0,,,0,0,0,,,
,BM41717,,BM42117,,,,2017,5,5,,WPLAT,Necropsy,1,,,,,,No,No,,,,Female,Adult,Predation,Yes,"Lena, Sanath",Abdominal injuries,0,,,0,0,0,,,
,BM42217,,BM42217,,,,2017,5,8,,MOW,Necropsy,1,,,,,,No,No,,,,,Pup,Roadkill,Yes,Lena Patiño,Skull crushed,0,,,0,0,0,,,
,BM42317,,BM42317,,,,2017,5,19,,,Necropsy,1,,,,,,No,No,,,,Female,Adult,Roadkill,Yes,Lena Patiño,Internal lesions ,0,,,0,0,0,,,
,BM42417,,BM42417,,,,2017,5,19,,,Necropsy,1,,,,,,No,No,,,,Female,Pup,Roadkill,Yes,Lena Patiño,Internal lesions ,0,,,0,0,0,,,
,BM42517,,BM42517,,,,2017,5,20,,,Necropsy,1,,,,,,No,No,,,,Male,Adult,Roadkill,Yes,Lena Patiño,Internal lesions ,0,,,0,0,0,,,
,BM42617,,BM42617,,,,2017,5,20,,,Necropsy,1,,,,,,No,No,,,,Male,Adult,Roadkill,Yes,Lena Patiño,Internal lesions ,0,,,0,0,0,,,
,BM42717,,BM42717,,,,2017,5,20,,,Necropsy,1,,,,,,No,No,,,,Male,Adult,Roadkill,Yes,Lena Patiño,Internal lesions ,0,,,0,0,0,,,
,BM42817,BM42817,,,,,2017,5,25,15:30,Chobe Farm Troop,Capture,,,,,,,No,,,,,Female,Sub-adult,,,"Lena, Lloyd, Kabelo",,0,,,0,0,0,,,
,BM42917,BM42917,,,,,2017,5,26,9:54,PLAT,Capture,,,,,,,No,,,,,Male,Adult,,,"Lena, Larry, Kabelo",,0,,,0,0,0,,,
,BM43017,BM43017,,,,,2017,5,26,9:54,PLAT,Capture,,,,,,,No,,,,,Male,Sub-adult,,,"Lena, Larry, Kabelo",,0,,,0,0,0,,,
,BM43117,,BM43117,,,,2017,5,29,,FOR,Necropsy,1,,,,,,No,No,,,,Male,Pup,Roadkill,Yes,Lena Patiño,Internal lesions ,0,,,0,0,0,,,
,BM43217,,BM43217,,,,2017,5,31,,SEF,Necropsy,1,,,,,,Yes,Yes,,,,Male,Juvenile,Roadkill,Yes,"Lena Patiño, Claire Sanderson",Internal lesions and tb lesions,1,,,0,0,0,,,
,BM43317,,BM43317,,,,2017,6,2,,MOW,Necropsy,1,,,,,,No,,,,,Female,Pup,Roadkill,Yes,Lena Patiño,Internal lesions ,0,,,0,0,0,,,
,BM43417,,BM43417,,,,2017,6,2,,MOW,Necropsy,1,,,,,,No,,,,,Female,Juvenile,Roadkill,Yes,Lena Patiño,Internal lesions ,0,,,0,0,0,,,
,BM43517,,BM43517,,,,2017,6,14,,WDL,Necropsy,1,,,,,,No,,,,,Female,Adult,Roadkill,Yes,"LP, KV",Car pass above it ,0,,,0,0,,,,
,BM43617,BM43617,,,,,2017,6,27,8:30,SEF,Capture,,,,,,,No,,,,,Male,Sub-adult,,,"LP, KV",,0,,,0,0,0,1,,
,BM43717,BM43717,,,,,2017,6,27,8:30,SEF,Capture,,,,,,,No,,,,,Male,Juvenile,,,"LP, KV",,0,,,0,0,0,1,,
,BM43817,BM43817,,,,,2017,6,27,15:12,WDL,Capture,,,,,,,No,,,,,Male,Sub-adult,,,"LP, KV",,0,,,0,0,0,1,,
,BM43917,BM43917,,,,,2017,6,27,15:12,WDL,Capture,,,,,,,No,,,,,Female,Juvenile,,,"LP, KV",,0,,,0,0,0,1,,
,BM44017,BM44017,,,,,2017,6,27,15:12,WDL,Capture,,,,,,,No,,,,,Female,Juvenile,,,"LP, KV",,0,,,0,0,0,1,,
,BM44117,BM44117,,,,,2017,6,27,15:12,WDL,Capture,,,,,,,No,,,,,Male,Adult,,,"LP, KV",,0,,,0,0,0,,1,
,BM44217,BM44217,,,,,2017,6,17,13:45,PLAT,Capture,,,,,,,No,,,,,Male,Juvenile,,,"LP, KV",,0,,,0,0,0,1,,
,BM44317,BM44317,,,,,2017,6,17,13:45,PLAT,Capture,,,,,,,No,,,,,Male,Sub-adult,,,"LP, KV",,0,,,0,0,0,1,,
,BM45017,BM45017,,,,,2017,6,17,13:45,PLAT,Capture,,,,,,,No,,,,,Male,Adult,,,"LP, KV",,0,,,0,0,0,,1,
,BM44417,BM44417,,,,,2017,6,29,8:17,SEF,Capture,,,,,,,No,,,,,Male,Sub-adult,,,"LP, KV",,0,,,0,0,0,1,,
,BM44517,BM44517,,,,,2017,6,29,8:17,SEF,Capture,,,,,,,No,,,,,Female,Sub-adult,,,"LP, KV",,0,,,0,0,0,1,,
,BM44617,BM44617,,,,,2017,6,29,8:17,SEF,Capture,,,,,,,No,,,,,Male,Sub-adult,,,"LP, KV",,0,,,0,0,0,1,,
,BM44717,BM44717,,,,,2017,6,30,12:56,FOR,Capture,,,,,,,No,,,,,Female,Adult,,,"LP, KV",,0,,,0,0,,,1,
,BM44817,BM44817,,,,,2017,7,6,8:20,SEF,Capture,,,,,,,No,,,,,Male,Adult,,,"LP, KV",,0,,,0,0,0,,1,
,BM44917,BM44917,,,,,2017,7,6,8:20,SEF,Capture,,,,,,,No,,,,,Male,Adult,,,"LP, KV",,0,,,0,0,0,,1,
,BM45017,BM45017,,,,,2017,6,28,,PLAT,Capture,,,,,,,No,,,,,Male,Adult,,,"LP, KV",,0,,,0,0,0,,,
,BM45117,BM45117,,,,,2017,8,7,16:39,CSL,Capture,,,,,,,No,,,,,Male,Juvenile,,,"LP, KV",,0,,,0,0,0,1,,
,BM45217,BM45217,,,,,2017,8,7,16:39,CSL,Capture,,,,,,,No,,,,,Male,,,,"LP, KV",,0,,,0,0,0,1,,
,BM45317,BM45317,,,,,2017,8,7,16:39,CSL,Capture,,,,,,,No,,,,,,,,,"LP, KV",,0,,,0,0,0,1,,
,BM45417,BM45417,,,,,2017,8,8,8:33,Mowana,Capture,,,,,,,No,,,,,Male,Adult,,,"LP, KV",,0,,,0,0,0,,1,
,BM45517,BM45517,,,,,2017,8,8,9:00,MOW,Capture,,,,,,,No,,,,,Female,Juvenile,,,"LP, KV",,0,,,0,0,0,1,,
,BM45617,BM45617,,,,,2017,9,8,8:15,LIB,Capture,,,,,,,No,,,,,Male,Adult,,,"LP, KV",,0,,,0,0,0,1,,
,BM45717,BM45717,,,,,2017,9,8,8:15,LIB,Capture,,,,,,,No,,,,,Male,Subadult,,,"LP, KV",,0,,,0,0,0,1,,
,Bm45817,Bm45817,,,,,2017,9,8,8:15,LIB,Capture,,,,,,,No,,,,,,,,,"LP, KV",,0,,,0,0,0,1,,
,BM45917,BM45917,,,,,2017,9,8,16:30,PLAT,Capture,,,,,,,No,,,,,,,,,"LP, KV",,0,,,0,0,0,,1,
,BM46017,BM46017,,,,,2017,9,8,16:43,PLAT,Capture,,,,,,,No,,,,,Male,Juvenile,,,"LP, KV",,0,,,0,0,0,1,,
,BM46117,BM46117,,,,,2017,9,8,,PLAT,Capture,,,,,,,No,,,,,Female,Juvenile,,,"LP, KV",,0,,,0,0,0,1,,
,BM46217,BM46217,,,,,2017,9,8,,PLAT,Capture,,,,,,,No,,,,,Male,Juvenile,,,"LP, KV",,0,,,0,0,0,1,,
,BM46317,BM6317,,,,,2017,9,8,,PLAT,Capture,,,,,,,No,,,,,Male,Juvenile,,,"LP, KV",,0,,,0,0,0,1,,
,BM46417,BM46417,,,,,2017,8,10,,FOR,Capture,,,,,,,No,,,,,Male,Subadult,,,"LP, KV",,0,,,0,0,0,1,,
,BM46517,BM46517,,,,,2017,8,10,,FOR,Capture,,,,,,,No,,,,,Male,Adult,,,"LP, KV",,0,,,0,0,0,1,,
,BM46617,BM46617,,,,,2017,8,10,,FOR,Capture,,,,,,,No,,,,,Female,Juvenile,,,"LP, KV",,0,,,0,0,0,1,,
,BM46717,BM46717,,,,,2017,8,10,,FOR,Capture,,,,,,,No,,,,,Female,Adult,,,"LP, KV",,0,,,0,0,0,,1,
,BM46817,BM46817,,,,,2017,8,10,,FOR,Capture,,,,,,,No,,,,,Female,Juvenile,,,"LP, KV",,0,,,0,0,0,1,,
,BM46917,,BM46917,,,,2017,8,8,,FOR?,Necropsy,1,,,,,,No,,,,,Unk,Subadult,Roadkill,Yes,Lena Patiño,Internal organ faliure,0,,,0,0,0,,,
,BM47017,,BM47017,,,,2017,8,8,16:00,CSL,Necropsy,1,,,,,,No,,,,,Female,Adult,Other,Yes,Lena Patiño,,0,,,0,0,0,,,
,BM47117,,BM47117,,,,2017,12,8,,,Necropsy,1,,,,,,No,,,,,Female,Adult,Roadkill,Yes,Lena Patiño,Hit by car,0,,,0,0,0,,,
,BM47217,,BM47217,,,,2017,15,8,11:30,CCH,Necropsy,1,,,,,,No,,,,,Female,Juvenile,Other,No,Lena Patiño,Snake bite,0,,,0,0,0,,,
,BM47317,,BM47317,,,,2017,9,7,17:00,CSL,Necropsy,1,,,,,,No,,,,,Female,Juvenile,Predation,Yes,Lena Patiño,,0,,,0,0,0,,,
,BM47417,BM47417,,,,,2017,9,14,,ODH,Capture,,,,,,,No,,,,,Female,Adult,,,LP ,,0,,,0,0,0,,1,
,BM47517,,BM47517,,,,2017,10,11,14:30,?,Necropsy,1,,,,,,No,,,,,Male,Adult,Roadkill,Yes,Lena Patiño,,0,,,0,0,0,,,
,BM47617,,BM47617,,,,2017,10,17,15:00,Kubu,Necropsy,1,,,,,,No,,,,,Male,Adult,Roadkill,,Lena Patiño,,0,,,0,0,0,,,
,BM47717,,BM47717,,,,2017,11,1,,Kubu,Necropsy,1,,,,,,No,,,,,Male,Juvenile,Roadkill,Yes,Lena Patiño,,0,,,0,0,0,,,
,BM47817,,BM47817,,,,2017,11,6,,,Necropsy,1,,,,,,No,,,,,Male,Adult,Roadkill,Yes,Lena Patiño,,0,,,0,0,0,,,
,BM47917,BM47917,,,,,,,,,Chobe Farm Troop?,Capture,,,,,,,,,,,,,,,,,,,,,,,,,,
,BM48017,,BM48017,,,,2017,11,30,8:00,ODH?,Necropsy,1,,,,,,No,,,,,M,,Roadkill,Yes,Lena Patiño,,0,,,0,0,0,,,
,BM48117,BM48117,,,,,2017,12,1,8:30,CSL,Capture,,,,,,,No,,,,,F,Juv,,,Lena Patiño,,0,,,0,0,0,1,,
,BM48217,BM48217,,,,,2017,12,1,8:30,CSL,Capture,,,,,,,No,,,,,F,Ad,,,Lena Patiño,,0,,,0,0,0,1,1,
,BM48317,BM48317,,,,,2017,12,1,8:30,CSL,Capture,,,,,,,No,,,,,M,Juv,,,Lena Patiño,,0,,,0,0,0,1,,
,BM48417,,BM48417,,,,2017,12,6,9:00,CCH,Necropsy,1,,,,,,Yes,,,,,M,Juv,Other,No,Lena Patiño,TB,1,,,0,0,0,,,Swollen lymphnodes and joint
,BM48517,,BM48517,,,,2017,12,6,15:00,?,Necropsy,1,,,,,,No,,,,,M,SA,Roadkill,Yes,Lena Patiño,,0,,,0,0,0,,,